ISO-10303-21;
HEADER;
FILE_DESCRIPTION (( 'STEP AP214' ),
    '1' );
FILE_NAME ('BBA_battery_cover.STEP',
    '2026-10-07T20:06:09',
    ( '' ),
    ( '' ),
    'SwSTEP 2.0',
    'SolidWorks 2026',
    '' );
FILE_SCHEMA (( 'AUTOMOTIVE_DESIGN' ));
ENDSEC;

DATA;
#1 = AXIS2_PLACEMENT_3D ( 'NONE', #946, #154, #1442 ) ;
#2 = DIRECTION ( 'NONE',  ( 0.000000000000000000, 0.000000000000000000, 1.000000000000000000 ) ) ;
#3 = DIRECTION ( 'NONE',  ( -0.000000000000000000, -0.000000000000000000, 1.000000000000000000 ) ) ;
#4 = DIRECTION ( 'NONE',  ( 1.000000000000000000, 0.000000000000000000, 0.000000000000000000 ) ) ;
#5 = AXIS2_PLACEMENT_3D ( 'NONE', #368, #1606, #1479 ) ;
#6 = AXIS2_PLACEMENT_3D ( 'NONE', #906, #1843, #747 ) ;
#7 = VERTEX_POINT ( 'NONE', #118 ) ;
#8 = DIRECTION ( 'NONE',  ( 0.000000000000000000, 1.000000000000000000, 0.000000000000000000 ) ) ;
#9 = CARTESIAN_POINT ( 'NONE',  ( 30.95000000000000284, 23.35000000000000497, -12.79999999999999361 ) ) ;
#10 = CARTESIAN_POINT ( 'NONE',  ( 62.55000000000001137, -10.80000000000000426, -11.00000000000000000 ) ) ;
#11 = DIRECTION ( 'NONE',  ( 0.000000000000000000, 0.000000000000000000, 1.000000000000000000 ) ) ;
#12 = EDGE_CURVE ( 'NONE', #1988, #79, #1981, .T. ) ;
#13 = VECTOR ( 'NONE', #1376, 1000.000000000000000 ) ;
#14 = AXIS2_PLACEMENT_3D ( 'NONE', #739, #454, #1553 ) ;
#15 = CARTESIAN_POINT ( 'NONE',  ( 30.95000000000000284, 23.35000000000000497, -11.00000000000000000 ) ) ;
#16 = ORIENTED_EDGE ( 'NONE', *, *, #1085, .T. ) ;
#17 = CARTESIAN_POINT ( 'NONE',  ( 63.04999999999998295, -28.29999999999999361, -13.00000000000000000 ) ) ;
#18 = VECTOR ( 'NONE', #1339, 1000.000000000000000 ) ;
#19 = DIRECTION ( 'NONE',  ( 1.000000000000000000, 0.000000000000000000, 0.000000000000000000 ) ) ;
#20 = AXIS2_PLACEMENT_3D ( 'NONE', #419, #1383, #405 ) ;
#21 = CARTESIAN_POINT ( 'NONE',  ( 27.94999999999999929, 6.500000000000004441, -11.00000000000000000 ) ) ;
#22 = ADVANCED_BREP_SHAPE_REPRESENTATION ( 'BBA_battery_cover', ( #826, #1579 ), #1310 ) ;
#23 = ADVANCED_FACE ( 'NONE', ( #742 ), #248, .T. ) ;
#24 = CARTESIAN_POINT ( 'NONE',  ( 62.30000000000001137, -27.80000000000000071, -11.59999999999999964 ) ) ;
#25 = LINE ( 'NONE', #675, #1020 ) ;
#26 = ORIENTED_EDGE ( 'NONE', *, *, #1987, .T. ) ;
#27 = EDGE_CURVE ( 'NONE', #789, #1652, #1378, .T. ) ;
#28 = CARTESIAN_POINT ( 'NONE',  ( 32.05000000000001137, -31.44999999999999929, -12.00000000000000000 ) ) ;
#29 = CARTESIAN_POINT ( 'NONE',  ( 58.85000000000000142, -29.64999999999999503, -12.00000000000000000 ) ) ;
#30 = DIRECTION ( 'NONE',  ( -1.000000000000000000, 0.000000000000000000, 0.000000000000000000 ) ) ;
#31 = DIRECTION ( 'NONE',  ( 0.000000000000000000, 0.000000000000000000, -1.000000000000000000 ) ) ;
#32 = AXIS2_PLACEMENT_3D ( 'NONE', #1946, #730, #1980 ) ;
#33 = CARTESIAN_POINT ( 'NONE',  ( 64.19999999999997442, 22.00000000000000355, -13.00000000000000000 ) ) ;
#34 = DIRECTION ( 'NONE',  ( 0.000000000000000000, -0.000000000000000000, -1.000000000000000000 ) ) ;
#35 = VERTEX_POINT ( 'NONE', #1068 ) ;
#36 = DIRECTION ( 'NONE',  ( -1.000000000000000000, -0.000000000000000000, -0.000000000000000000 ) ) ;
#37 = EDGE_CURVE ( 'NONE', #1452, #1266, #71, .T. ) ;
#38 = CARTESIAN_POINT ( 'NONE',  ( 58.85000000000000142, -29.64999999999999503, -11.00000000000000000 ) ) ;
#39 = CARTESIAN_POINT ( 'NONE',  ( 27.94999999999999929, 4.649999999999997691, -13.00000000000000000 ) ) ;
#40 = DIRECTION ( 'NONE',  ( 1.000000000000000000, 0.000000000000000000, -0.000000000000000000 ) ) ;
#41 = ORIENTED_EDGE ( 'NONE', *, *, #37, .T. ) ;
#42 = EDGE_CURVE ( 'NONE', #460, #1348, #1390, .T. ) ;
#43 = FACE_OUTER_BOUND ( 'NONE', #1653, .T. ) ;
#44 = ADVANCED_FACE ( 'NONE', ( #1461 ), #969, .T. ) ;
#45 = DIRECTION ( 'NONE',  ( 1.000000000000000000, 0.000000000000000000, 0.000000000000000000 ) ) ;
#46 = VECTOR ( 'NONE', #436, 1000.000000000000000 ) ;
#47 = VECTOR ( 'NONE', #1536, 1000.000000000000114 ) ;
#48 = DIRECTION ( 'NONE',  ( -0.000000000000000000, -0.000000000000000000, 1.000000000000000000 ) ) ;
#49 = CARTESIAN_POINT ( 'NONE',  ( 54.25000000000000711, -29.64999999999999503, -11.00000000000000000 ) ) ;
#50 = ORIENTED_EDGE ( 'NONE', *, *, #582, .T. ) ;
#51 = DIRECTION ( 'NONE',  ( 1.087600925377308590E-16, 1.000000000000000000, 0.000000000000000000 ) ) ;
#52 = DIRECTION ( 'NONE',  ( -0.000000000000000000, -0.000000000000000000, -1.000000000000000000 ) ) ;
#53 = CARTESIAN_POINT ( 'NONE',  ( 44.39999999999998437, 25.50000000000000711, -11.00000000000000000 ) ) ;
#54 = EDGE_CURVE ( 'NONE', #629, #1518, #805, .T. ) ;
#55 = ORIENTED_EDGE ( 'NONE', *, *, #1207, .T. ) ;
#56 = CIRCLE ( 'NONE', #1915, 0.2500000000000002220 ) ;
#57 = ADVANCED_FACE ( 'NONE', ( #168 ), #872, .T. ) ;
#58 = CARTESIAN_POINT ( 'NONE',  ( 50.09999999999999432, 25.00000000000000711, -12.79999999999999361 ) ) ;
#59 = LINE ( 'NONE', #1016, #1280 ) ;
#60 = EDGE_LOOP ( 'NONE', ( #967, #1364, #1171, #1688 ) ) ;
#61 = FACE_OUTER_BOUND ( 'NONE', #903, .T. ) ;
#62 = CIRCLE ( 'NONE', #1294, 2.200000000000000622 ) ;
#63 = DIRECTION ( 'NONE',  ( -1.000000000000000000, 8.673617379884027583E-16, 0.000000000000000000 ) ) ;
#64 = DIRECTION ( 'NONE',  ( 1.000000000000000000, -8.673617379884388882E-15, 0.000000000000000000 ) ) ;
#65 = ORIENTED_EDGE ( 'NONE', *, *, #260, .T. ) ;
#66 = EDGE_LOOP ( 'NONE', ( #449, #890, #1412, #102 ) ) ;
#67 = CARTESIAN_POINT ( 'NONE',  ( 42.74999999999998579, 25.00000000000000711, -13.00000000000000000 ) ) ;
#68 = ADVANCED_FACE ( 'NONE', ( #1314 ), #1768, .T. ) ;
#69 = DIRECTION ( 'NONE',  ( 0.000000000000000000, 0.000000000000000000, 1.000000000000000000 ) ) ;
#70 = DIRECTION ( 'NONE',  ( -0.000000000000000000, -0.000000000000000000, 1.000000000000000000 ) ) ;
#71 = CIRCLE ( 'NONE', #607, 0.2500000000000002220 ) ;
#72 = VERTEX_POINT ( 'NONE', #670 ) ;
#73 = ORIENTED_EDGE ( 'NONE', *, *, #1293, .F. ) ;
#74 = CARTESIAN_POINT ( 'NONE',  ( 45.04999999999998295, 25.50000000000000711, -13.00000000000000000 ) ) ;
#75 = VECTOR ( 'NONE', #1751, 1000.000000000000000 ) ;
#76 = DIRECTION ( 'NONE',  ( 6.133173666733746227E-15, 0.7071067811865475727, -0.7071067811865475727 ) ) ;
#77 = DIRECTION ( 'NONE',  ( -1.000000000000000000, 0.000000000000000000, 0.000000000000000000 ) ) ;
#78 = ORIENTED_EDGE ( 'NONE', *, *, #1424, .F. ) ;
#79 = VERTEX_POINT ( 'NONE', #1302 ) ;
#80 = CARTESIAN_POINT ( 'NONE',  ( 29.60000000000000142, 6.500000000000004441, -13.00000000000000000 ) ) ;
#81 = DIRECTION ( 'NONE',  ( 0.000000000000000000, 0.000000000000000000, 1.000000000000000000 ) ) ;
#82 = DIRECTION ( 'NONE',  ( -0.000000000000000000, -0.000000000000000000, 1.000000000000000000 ) ) ;
#83 = EDGE_CURVE ( 'NONE', #1681, #842, #1749, .T. ) ;
#84 = DIRECTION ( 'NONE',  ( 1.000000000000000000, 0.000000000000000000, 0.000000000000000000 ) ) ;
#85 = ORIENTED_EDGE ( 'NONE', *, *, #489, .F. ) ;
#86 = EDGE_CURVE ( 'NONE', #1466, #35, #651, .T. ) ;
#87 = FACE_OUTER_BOUND ( 'NONE', #1833, .T. ) ;
#88 = CARTESIAN_POINT ( 'NONE',  ( 26.50000000000000000, -28.29999999999999005, -12.79999999999999361 ) ) ;
#89 = LINE ( 'NONE', #241, #209 ) ;
#90 = ORIENTED_EDGE ( 'NONE', *, *, #1354, .T. ) ;
#91 = CYLINDRICAL_SURFACE ( 'NONE', #1417, 1.350000000000000533 ) ;
#92 = CARTESIAN_POINT ( 'NONE',  ( 27.85000000000000142, 4.649999999999998579, -13.00000000000000000 ) ) ;
#93 = CARTESIAN_POINT ( 'NONE',  ( 30.95000000000000284, 22.00000000000000711, -11.00000000000000000 ) ) ;
#94 = ORIENTED_EDGE ( 'NONE', *, *, #610, .T. ) ;
#95 = VERTEX_POINT ( 'NONE', #1938 ) ;
#96 = ADVANCED_FACE ( 'NONE', ( #1903 ), #1468, .F. ) ;
#97 = FACE_OUTER_BOUND ( 'NONE', #1714, .T. ) ;
#98 = LINE ( 'NONE', #432, #1177 ) ;
#99 = ADVANCED_FACE ( 'NONE', ( #43 ), #1283, .T. ) ;
#100 = ORIENTED_EDGE ( 'NONE', *, *, #1354, .F. ) ;
#101 = AXIS2_PLACEMENT_3D ( 'NONE', #552, #52, #1154 ) ;
#102 = ORIENTED_EDGE ( 'NONE', *, *, #1881, .T. ) ;
#103 = CARTESIAN_POINT ( 'NONE',  ( 48.44999999999998863, 25.50000000000000711, -11.00000000000000000 ) ) ;
#104 = PLANE ( 'NONE',  #1086 ) ;
#105 = CARTESIAN_POINT ( 'NONE',  ( 46.04999999999999005, 25.50000000000000711, -13.00000000000000000 ) ) ;
#106 = CARTESIAN_POINT ( 'NONE',  ( 58.85000000000000142, -29.64999999999999503, -12.00000000000000000 ) ) ;
#107 = ORIENTED_EDGE ( 'NONE', *, *, #554, .F. ) ;
#108 = ORIENTED_EDGE ( 'NONE', *, *, #2002, .T. ) ;
#109 = VECTOR ( 'NONE', #81, 1000.000000000000000 ) ;
#110 = LINE ( 'NONE', #1382, #269 ) ;
#111 = PLANE ( 'NONE',  #20 ) ;
#112 = EDGE_LOOP ( 'NONE', ( #467, #1700, #1048, #1531 ) ) ;
#113 = EDGE_CURVE ( 'NONE', #918, #1466, #1921, .T. ) ;
#114 = VERTEX_POINT ( 'NONE', #317 ) ;
#115 = DIRECTION ( 'NONE',  ( 0.000000000000000000, 0.000000000000000000, -1.000000000000000000 ) ) ;
#116 = EDGE_CURVE ( 'NONE', #934, #1402, #951, .T. ) ;
#117 = CARTESIAN_POINT ( 'NONE',  ( 62.55000000000001137, -27.55000000000000071, -11.59999999999999964 ) ) ;
#118 = CARTESIAN_POINT ( 'NONE',  ( 27.94999999999999929, 4.850000000000002309, -12.79999999999999361 ) ) ;
#119 = CIRCLE ( 'NONE', #1472, 1.350000000000004086 ) ;
#120 = VECTOR ( 'NONE', #1992, 1000.000000000000000 ) ;
#121 = VERTEX_POINT ( 'NONE', #1587 ) ;
#122 = ORIENTED_EDGE ( 'NONE', *, *, #12, .T. ) ;
#123 = CARTESIAN_POINT ( 'NONE',  ( 63.55000000000001137, -10.80000000000000426, -11.59999999999999964 ) ) ;
#124 = ORIENTED_EDGE ( 'NONE', *, *, #521, .F. ) ;
#125 = ORIENTED_EDGE ( 'NONE', *, *, #810, .F. ) ;
#126 = CARTESIAN_POINT ( 'NONE',  ( 62.55000000000001137, 21.25000000000000355, -11.00000000000000000 ) ) ;
#127 = ADVANCED_FACE ( 'NONE', ( #1275 ), #323, .T. ) ;
#128 = FACE_OUTER_BOUND ( 'NONE', #823, .T. ) ;
#129 = EDGE_CURVE ( 'NONE', #901, #1042, #480, .T. ) ;
#130 = ORIENTED_EDGE ( 'NONE', *, *, #857, .T. ) ;
#131 = EDGE_LOOP ( 'NONE', ( #1247, #1083, #590, #1495 ) ) ;
#132 = VECTOR ( 'NONE', #1609, 1000.000000000000000 ) ;
#133 = DIRECTION ( 'NONE',  ( -1.000000000000000000, -0.000000000000000000, -0.000000000000000000 ) ) ;
#134 = EDGE_LOOP ( 'NONE', ( #1480, #824, #341, #297 ) ) ;
#135 = ORIENTED_EDGE ( 'NONE', *, *, #1059, .T. ) ;
#136 = CARTESIAN_POINT ( 'NONE',  ( 27.94999999999999929, 6.500000000000004441, -13.00000000000000000 ) ) ;
#137 = LINE ( 'NONE', #962, #1962 ) ;
#138 = DIRECTION ( 'NONE',  ( -0.000000000000000000, -0.000000000000000000, 1.000000000000000000 ) ) ;
#139 = CIRCLE ( 'NONE', #1267, 0.2500000000000002220 ) ;
#140 = ORIENTED_EDGE ( 'NONE', *, *, #820, .T. ) ;
#141 = EDGE_LOOP ( 'NONE', ( #1319, #853, #1937, #1948 ) ) ;
#142 = EDGE_CURVE ( 'NONE', #1681, #2005, #1143, .T. ) ;
#143 = VECTOR ( 'NONE', #1776, 1000.000000000000114 ) ;
#144 = LINE ( 'NONE', #123, #415 ) ;
#145 = ORIENTED_EDGE ( 'NONE', *, *, #1701, .T. ) ;
#146 = CARTESIAN_POINT ( 'NONE',  ( 62.55000000000001137, -27.55000000000000071, -11.00000000000000000 ) ) ;
#147 = DIRECTION ( 'NONE',  ( -0.000000000000000000, -0.000000000000000000, 1.000000000000000000 ) ) ;
#148 = DIRECTION ( 'NONE',  ( 0.000000000000000000, 1.000000000000000000, 0.000000000000000000 ) ) ;
#149 = CIRCLE ( 'NONE', #403, 1.149999999999998135 ) ;
#150 = EDGE_LOOP ( 'NONE', ( #1369, #1698, #719, #1805 ) ) ;
#151 = ORIENTED_EDGE ( 'NONE', *, *, #409, .F. ) ;
#152 = AXIS2_PLACEMENT_3D ( 'NONE', #463, #1718, #455 ) ;
#153 = CARTESIAN_POINT ( 'NONE',  ( 29.15000000000000568, 4.000000000000008882, -11.59999999999999964 ) ) ;
#154 = DIRECTION ( 'NONE',  ( -0.000000000000000000, -0.000000000000000000, 1.000000000000000000 ) ) ;
#155 = DIRECTION ( 'NONE',  ( 0.000000000000000000, 0.000000000000000000, 1.000000000000000000 ) ) ;
#156 = ORIENTED_EDGE ( 'NONE', *, *, #456, .T. ) ;
#157 = CLOSED_SHELL ( 'NONE', ( #2041, #904, #1162, #941, #1673, #1779, #23, #251, #1792, #427, #1586, #1477, #1960, #724, #850, #1852, #1899, #96, #1853, #343, #1357, #624, #451, #1866, #203, #868, #1922, #1656, #1534, #265, #790, #2037, #636, #249, #1712, #933, #1159, #635, #312, #1552, #1578, #1263, #1892, #296, #1415, #1909, #1425, #1307, #1144, #44, #57, #1340, #846, #127, #860, #1007, #983, #99, #184, #1893, #1564, #68, #305, #1301, #1575, #1072, #1366 ) ) ;
#158 = EDGE_CURVE ( 'NONE', #614, #1341, #1292, .T. ) ;
#159 = CARTESIAN_POINT ( 'NONE',  ( 31.85000000000000497, -29.64999999999999503, -13.00000000000000000 ) ) ;
#160 = EDGE_CURVE ( 'NONE', #291, #758, #1612, .T. ) ;
#161 = VECTOR ( 'NONE', #3, 1000.000000000000000 ) ;
#162 = DIRECTION ( 'NONE',  ( 1.000000000000000000, 0.000000000000000000, 0.000000000000000000 ) ) ;
#163 = DIRECTION ( 'NONE',  ( 1.000000000000000000, 0.000000000000000000, 0.000000000000000000 ) ) ;
#164 = DIRECTION ( 'NONE',  ( -0.7071067811865474617, 0.000000000000000000, 0.7071067811865474617 ) ) ;
#165 = AXIS2_PLACEMENT_3D ( 'NONE', #1305, #1788, #663 ) ;
#166 = AXIS2_PLACEMENT_3D ( 'NONE', #1643, #874, #911 ) ;
#167 = ORIENTED_EDGE ( 'NONE', *, *, #233, .T. ) ;
#168 = FACE_OUTER_BOUND ( 'NONE', #894, .T. ) ;
#169 = LINE ( 'NONE', #806, #916 ) ;
#170 = CARTESIAN_POINT ( 'NONE',  ( 54.25000000000000711, -29.64999999999999503, -11.00000000000000000 ) ) ;
#171 = FACE_OUTER_BOUND ( 'NONE', #559, .T. ) ;
#172 = DIRECTION ( 'NONE',  ( 0.000000000000000000, 0.000000000000000000, -1.000000000000000000 ) ) ;
#173 = VECTOR ( 'NONE', #147, 1000.000000000000000 ) ;
#174 = LINE ( 'NONE', #1781, #1288 ) ;
#175 = UNCERTAINTY_MEASURE_WITH_UNIT (LENGTH_MEASURE( 1.000000000000000082E-05 ), #1771, 'distance_accuracy_value', 'NONE');
#176 = ORIENTED_EDGE ( 'NONE', *, *, #1565, .F. ) ;
#177 = DIRECTION ( 'NONE',  ( -1.000000000000000000, 3.070307037127094633E-16, 0.000000000000000000 ) ) ;
#178 = AXIS2_PLACEMENT_3D ( 'NONE', #1753, #502, #31 ) ;
#179 = DIRECTION ( 'NONE',  ( -0.000000000000000000, 0.000000000000000000, -1.000000000000000000 ) ) ;
#180 = DIRECTION ( 'NONE',  ( 0.000000000000000000, 0.000000000000000000, 1.000000000000000000 ) ) ;
#181 = CARTESIAN_POINT ( 'NONE',  ( 50.09999999999999432, 25.00000000000000711, -12.79999999999999361 ) ) ;
#182 = CARTESIAN_POINT ( 'NONE',  ( 50.09999999999999432, 25.00000000000000711, -13.00000000000000000 ) ) ;
#183 = CARTESIAN_POINT ( 'NONE',  ( 27.94999999999999929, 6.500000000000004441, -13.00000000000000000 ) ) ;
#184 = ADVANCED_FACE ( 'NONE', ( #350 ), #400, .T. ) ;
#185 = EDGE_LOOP ( 'NONE', ( #41, #1393, #1370, #16, #270, #1885, #377, #1854, #140, #55, #1123, #1965, #535, #243, #1841, #919 ) ) ;
#186 = CARTESIAN_POINT ( 'NONE',  ( 29.80000000000000782, 6.500000000000004441, -13.00000000000000000 ) ) ;
#187 = FACE_OUTER_BOUND ( 'NONE', #508, .T. ) ;
#188 = DIRECTION ( 'NONE',  ( 0.000000000000000000, 1.000000000000000000, 0.000000000000000000 ) ) ;
#189 = EDGE_CURVE ( 'NONE', #1260, #1527, #854, .T. ) ;
#190 = DIRECTION ( 'NONE',  ( -0.000000000000000000, -0.000000000000000000, -1.000000000000000000 ) ) ;
#191 = CARTESIAN_POINT ( 'NONE',  ( 26.50000000000000000, -28.29999999999999005, -13.00000000000000000 ) ) ;
#192 = ORIENTED_EDGE ( 'NONE', *, *, #1610, .F. ) ;
#193 = EDGE_CURVE ( 'NONE', #95, #1460, #1031, .T. ) ;
#194 = DIRECTION ( 'NONE',  ( -1.000000000000000000, 0.000000000000000000, 0.000000000000000000 ) ) ;
#195 = EDGE_CURVE ( 'NONE', #421, #537, #1485, .T. ) ;
#196 = CARTESIAN_POINT ( 'NONE',  ( 58.85000000000000142, -29.64999999999999503, -12.00000000000000000 ) ) ;
#197 = DIRECTION ( 'NONE',  ( 1.000000000000000000, 0.000000000000000000, 0.000000000000000000 ) ) ;
#198 = LINE ( 'NONE', #684, #476 ) ;
#199 = DIRECTION ( 'NONE',  ( 0.000000000000000000, 0.000000000000000000, -1.000000000000000000 ) ) ;
#200 = AXIS2_PLACEMENT_3D ( 'NONE', #1955, #346, #533 ) ;
#201 = EDGE_LOOP ( 'NONE', ( #1910, #1682 ) ) ;
#202 = VECTOR ( 'NONE', #423, 1000.000000000000000 ) ;
#203 = ADVANCED_FACE ( 'NONE', ( #61 ), #1809, .F. ) ;
#204 = FACE_OUTER_BOUND ( 'NONE', #978, .T. ) ;
#205 = CARTESIAN_POINT ( 'NONE',  ( 29.15000000000000568, 4.000000000000008882, -11.59999999999999964 ) ) ;
#206 = DIRECTION ( 'NONE',  ( -1.000000000000000000, 0.000000000000000000, 0.000000000000000000 ) ) ;
#207 = PRODUCT_DEFINITION_FORMATION_WITH_SPECIFIED_SOURCE ( 'ANY', '', #1291, .NOT_KNOWN. ) ;
#208 = CIRCLE ( 'NONE', #1803, 1.000000000000000888 ) ;
#209 = VECTOR ( 'NONE', #253, 1000.000000000000000 ) ;
#210 = DIRECTION ( 'NONE',  ( 1.000000000000000000, 0.000000000000000000, 0.000000000000000000 ) ) ;
#211 = CARTESIAN_POINT ( 'NONE',  ( 28.35000000000000853, 3.750000000000009326, -11.59999999999999964 ) ) ;
#212 = ORIENTED_EDGE ( 'NONE', *, *, #1667, .F. ) ;
#213 = DIRECTION ( 'NONE',  ( 1.000000000000000000, 0.000000000000000000, 0.000000000000000000 ) ) ;
#214 = EDGE_CURVE ( 'NONE', #1880, #1236, #1008, .T. ) ;
#215 = PLANE ( 'NONE',  #902 ) ;
#216 = SURFACE_STYLE_USAGE ( .BOTH. , #1913 ) ;
#217 = ORIENTED_EDGE ( 'NONE', *, *, #569, .T. ) ;
#218 = VECTOR ( 'NONE', #1449, 1000.000000000000000 ) ;
#219 = DIRECTION ( 'NONE',  ( 0.000000000000000000, 0.000000000000000000, 1.000000000000000000 ) ) ;
#220 = LINE ( 'NONE', #92, #1995 ) ;
#221 = CARTESIAN_POINT ( 'NONE',  ( 62.55000000000001137, -10.80000000000000426, -11.59999999999999964 ) ) ;
#222 = ORIENTED_EDGE ( 'NONE', *, *, #1932, .T. ) ;
#223 = ORIENTED_EDGE ( 'NONE', *, *, #905, .T. ) ;
#224 = CARTESIAN_POINT ( 'NONE',  ( 63.04999999999998295, -28.29999999999999361, -13.00000000000000000 ) ) ;
#225 = VECTOR ( 'NONE', #1486, 1000.000000000000000 ) ;
#226 = CYLINDRICAL_SURFACE ( 'NONE', #696, 0.2500000000000002220 ) ;
#227 = DIRECTION ( 'NONE',  ( -1.000000000000000000, 0.000000000000000000, 0.000000000000000000 ) ) ;
#228 = ORIENTED_EDGE ( 'NONE', *, *, #1173, .F. ) ;
#229 = EDGE_CURVE ( 'NONE', #1864, #1637, #357, .T. ) ;
#230 = ORIENTED_EDGE ( 'NONE', *, *, #1462, .F. ) ;
#231 = DIRECTION ( 'NONE',  ( 1.000000000000000000, -0.000000000000000000, 0.000000000000000000 ) ) ;
#232 = CARTESIAN_POINT ( 'NONE',  ( 36.64999999999999858, -29.64999999999999503, -12.00000000000000000 ) ) ;
#233 = EDGE_CURVE ( 'NONE', #1185, #79, #698, .T. ) ;
#234 = LINE ( 'NONE', #211, #2007 ) ;
#235 = DIRECTION ( 'NONE',  ( 0.000000000000000000, 0.000000000000000000, 1.000000000000000000 ) ) ;
#236 = ORIENTED_EDGE ( 'NONE', *, *, #1933, .F. ) ;
#237 = DIRECTION ( 'NONE',  ( -0.000000000000000000, -0.000000000000000000, 1.000000000000000000 ) ) ;
#238 = CIRCLE ( 'NONE', #1542, 1.649999999999998579 ) ;
#239 = VECTOR ( 'NONE', #881, 1000.000000000000000 ) ;
#240 = CARTESIAN_POINT ( 'NONE',  ( 64.39999999999999147, 22.00000000000000355, -11.00000000000000000 ) ) ;
#241 = CARTESIAN_POINT ( 'NONE',  ( 54.25000000000000711, -31.44999999999999929, -12.00000000000000000 ) ) ;
#242 = ORIENTED_EDGE ( 'NONE', *, *, #440, .T. ) ;
#243 = ORIENTED_EDGE ( 'NONE', *, *, #1117, .T. ) ;
#244 = AXIS2_PLACEMENT_3D ( 'NONE', #447, #1733, #4 ) ;
#245 = LINE ( 'NONE', #117, #448 ) ;
#246 = LINE ( 'NONE', #232, #109 ) ;
#247 = LINE ( 'NONE', #1209, #120 ) ;
#248 = CYLINDRICAL_SURFACE ( 'NONE', #1228, 1.350000000000000533 ) ;
#249 = ADVANCED_FACE ( 'NONE', ( #87 ), #538, .F. ) ;
#250 = ORIENTED_EDGE ( 'NONE', *, *, #1521, .F. ) ;
#251 = ADVANCED_FACE ( 'NONE', ( #1794 ), #1639, .F. ) ;
#252 = CARTESIAN_POINT ( 'NONE',  ( 27.94999999999999929, 6.500000000000004441, -13.00000000000000000 ) ) ;
#253 = DIRECTION ( 'NONE',  ( 0.000000000000000000, 0.000000000000000000, 1.000000000000000000 ) ) ;
#254 = ORIENTED_EDGE ( 'NONE', *, *, #1235, .T. ) ;
#255 = ORIENTED_EDGE ( 'NONE', *, *, #1436, .F. ) ;
#256 = CARTESIAN_POINT ( 'NONE',  ( 30.95000000000000284, 22.00000000000000711, -13.00000000000000000 ) ) ;
#257 = FACE_OUTER_BOUND ( 'NONE', #141, .T. ) ;
#258 = CARTESIAN_POINT ( 'NONE',  ( 30.15000000000000568, 5.000000000000009770, -11.00000000000000000 ) ) ;
#259 = ORIENTED_EDGE ( 'NONE', *, *, #1956, .T. ) ;
#260 = EDGE_CURVE ( 'NONE', #1341, #1251, #149, .T. ) ;
#261 = VECTOR ( 'NONE', #616, 1000.000000000000000 ) ;
#262 = ORIENTED_EDGE ( 'NONE', *, *, #27, .T. ) ;
#263 = VERTEX_POINT ( 'NONE', #1188 ) ;
#264 = EDGE_CURVE ( 'NONE', #1402, #1864, #551, .T. ) ;
#265 = ADVANCED_FACE ( 'NONE', ( #204 ), #845, .F. ) ;
#266 = CARTESIAN_POINT ( 'NONE',  ( 28.35000000000000853, 3.750000000000009326, -11.00000000000000000 ) ) ;
#267 = CARTESIAN_POINT ( 'NONE',  ( 27.94999999999999929, 6.500000000000004441, -12.79999999999999361 ) ) ;
#268 = ORIENTED_EDGE ( 'NONE', *, *, #1115, .T. ) ;
#269 = VECTOR ( 'NONE', #1663, 1000.000000000000000 ) ;
#270 = ORIENTED_EDGE ( 'NONE', *, *, #1093, .T. ) ;
#271 = CARTESIAN_POINT ( 'NONE',  ( 42.74999999999998579, 25.00000000000000711, -13.00000000000000000 ) ) ;
#272 = CARTESIAN_POINT ( 'NONE',  ( 26.70000000000000639, -28.29999999999999005, -13.00000000000000000 ) ) ;
#273 = CARTESIAN_POINT ( 'NONE',  ( 28.60000000000000853, -27.55000000000000426, -11.59999999999999964 ) ) ;
#274 = ORIENTED_EDGE ( 'NONE', *, *, #1040, .T. ) ;
#275 = ORIENTED_EDGE ( 'NONE', *, *, #465, .F. ) ;
#276 = EDGE_CURVE ( 'NONE', #629, #1666, #1476, .T. ) ;
#277 = CIRCLE ( 'NONE', #744, 1.350000000000004086 ) ;
#278 = CARTESIAN_POINT ( 'NONE',  ( 50.09999999999999432, 25.50000000000000711, -12.79999999999999361 ) ) ;
#279 = ORIENTED_EDGE ( 'NONE', *, *, #1391, .F. ) ;
#280 = VECTOR ( 'NONE', #1243, 1000.000000000000000 ) ;
#281 = ORIENTED_EDGE ( 'NONE', *, *, #158, .T. ) ;
#282 = EDGE_CURVE ( 'NONE', #497, #866, #899, .T. ) ;
#283 = DIRECTION ( 'NONE',  ( -1.000000000000000000, 0.000000000000000000, 0.000000000000000000 ) ) ;
#284 = CARTESIAN_POINT ( 'NONE',  ( 51.74999999999999289, 25.00000000000000711, -13.00000000000000000 ) ) ;
#285 = AXIS2_PLACEMENT_3D ( 'NONE', #1515, #728, #546 ) ;
#286 = AXIS2_PLACEMENT_3D ( 'NONE', #93, #706, #1494 ) ;
#287 = EDGE_LOOP ( 'NONE', ( #300, #587, #564, #766 ) ) ;
#288 = AXIS2_PLACEMENT_3D ( 'NONE', #1368, #1073, #870 ) ;
#289 = EDGE_LOOP ( 'NONE', ( #544, #2008, #363, #108 ) ) ;
#290 = DIRECTION ( 'NONE',  ( 0.000000000000000000, 0.7071067811865475727, -0.7071067811865475727 ) ) ;
#291 = VERTEX_POINT ( 'NONE', #1908 ) ;
#292 = ORIENTED_EDGE ( 'NONE', *, *, #764, .F. ) ;
#293 = DIRECTION ( 'NONE',  ( -0.000000000000000000, 1.000000000000000000, -0.000000000000000000 ) ) ;
#294 = CARTESIAN_POINT ( 'NONE',  ( 26.50000000000000000, -28.29999999999999005, -11.00000000000000000 ) ) ;
#295 = CARTESIAN_POINT ( 'NONE',  ( 30.40000000000000568, 21.50000000000000711, -11.59999999999999964 ) ) ;
#296 = ADVANCED_FACE ( 'NONE', ( #526 ), #985, .T. ) ;
#297 = ORIENTED_EDGE ( 'NONE', *, *, #880, .T. ) ;
#298 = ORIENTED_EDGE ( 'NONE', *, *, #943, .T. ) ;
#299 = LINE ( 'NONE', #926, #2010 ) ;
#300 = ORIENTED_EDGE ( 'NONE', *, *, #1769, .T. ) ;
#301 = CARTESIAN_POINT ( 'NONE',  ( 42.74999999999998579, 25.00000000000000711, -13.00000000000000000 ) ) ;
#302 = CARTESIAN_POINT ( 'NONE',  ( 62.55000000000001137, 21.25000000000000355, -11.59999999999999964 ) ) ;
#303 = LINE ( 'NONE', #801, #2006 ) ;
#304 = EDGE_CURVE ( 'NONE', #913, #1282, #977, .T. ) ;
#305 = ADVANCED_FACE ( 'NONE', ( #965 ), #765, .F. ) ;
#306 = ORIENTED_EDGE ( 'NONE', *, *, #503, .T. ) ;
#307 = ORIENTED_EDGE ( 'NONE', *, *, #1223, .F. ) ;
#308 = AXIS2_PLACEMENT_3D ( 'NONE', #1764, #851, #338 ) ;
#309 = CARTESIAN_POINT ( 'NONE',  ( 28.35000000000000853, -27.55000000000000426, -11.59999999999999964 ) ) ;
#310 = PLANE ( 'NONE',  #152 ) ;
#311 = DIRECTION ( 'NONE',  ( 0.7071067811865474617, 0.000000000000000000, -0.7071067811865474617 ) ) ;
#312 = ADVANCED_FACE ( 'NONE', ( #1774 ), #361, .T. ) ;
#313 = VECTOR ( 'NONE', #793, 1000.000000000000114 ) ;
#314 = ORIENTED_EDGE ( 'NONE', *, *, #474, .F. ) ;
#315 = EDGE_CURVE ( 'NONE', #1384, #758, #1311, .T. ) ;
#316 = VECTOR ( 'NONE', #1873, 1000.000000000000000 ) ;
#317 = CARTESIAN_POINT ( 'NONE',  ( 51.74999999999999289, 23.15000000000000213, -13.00000000000000000 ) ) ;
#318 = CARTESIAN_POINT ( 'NONE',  ( 29.15000000000000568, 5.000000000000009770, -11.59999999999999964 ) ) ;
#319 = DIRECTION ( 'NONE',  ( -1.000000000000000000, 0.000000000000000000, 0.000000000000000000 ) ) ;
#320 = FACE_OUTER_BOUND ( 'NONE', #908, .T. ) ;
#321 = VERTEX_POINT ( 'NONE', #1601 ) ;
#322 = AXIS2_PLACEMENT_3D ( 'NONE', #1790, #484, #34 ) ;
#323 = PLANE ( 'NONE',  #333 ) ;
#324 = CARTESIAN_POINT ( 'NONE',  ( 50.09999999999999432, 25.50000000000000711, -13.00000000000000000 ) ) ;
#325 = LINE ( 'NONE', #1897, #1108 ) ;
#326 = LINE ( 'NONE', #982, #1212 ) ;
#327 = AXIS2_PLACEMENT_3D ( 'NONE', #1797, #359, #1000 ) ;
#328 = VECTOR ( 'NONE', #63, 1000.000000000000000 ) ;
#329 = DIRECTION ( 'NONE',  ( 1.000000000000000000, 1.029509481291873510E-16, -0.000000000000000000 ) ) ;
#330 = CARTESIAN_POINT ( 'NONE',  ( 44.39999999999998437, 25.00000000000000711, -13.00000000000000000 ) ) ;
#331 = ORIENTED_EDGE ( 'NONE', *, *, #1124, .T. ) ;
#332 = CARTESIAN_POINT ( 'NONE',  ( 44.39999999999998437, 25.50000000000000711, -13.00000000000000000 ) ) ;
#333 = AXIS2_PLACEMENT_3D ( 'NONE', #1604, #1911, #177 ) ;
#334 = PLANE ( 'NONE',  #1002 ) ;
#335 = CARTESIAN_POINT ( 'NONE',  ( 27.85000000000000497, 4.850000000000004086, -11.00000000000000000 ) ) ;
#336 = EDGE_CURVE ( 'NONE', #1918, #460, #1437, .T. ) ;
#337 = CARTESIAN_POINT ( 'NONE',  ( 0.000000000000000000, 0.000000000000000000, 0.000000000000000000 ) ) ;
#338 = DIRECTION ( 'NONE',  ( 0.000000000000000000, -0.000000000000000000, 1.000000000000000000 ) ) ;
#339 = AXIS2_PLACEMENT_3D ( 'NONE', #2033, #615, #1095 ) ;
#340 = LINE ( 'NONE', #1624, #1559 ) ;
#341 = ORIENTED_EDGE ( 'NONE', *, *, #565, .T. ) ;
#342 = CARTESIAN_POINT ( 'NONE',  ( 44.59999999999998721, 3.500000000000003553, -13.00000000000000000 ) ) ;
#343 = ADVANCED_FACE ( 'NONE', ( #1616 ), #496, .F. ) ;
#344 = CARTESIAN_POINT ( 'NONE',  ( 47.24999999999998579, 25.50000000000000711, -11.99999999999999822 ) ) ;
#345 = CARTESIAN_POINT ( 'NONE',  ( 54.25000000000000711, -31.44999999999999929, -12.00000000000000000 ) ) ;
#346 = DIRECTION ( 'NONE',  ( 1.029509481291873510E-16, -1.000000000000000000, 0.000000000000000000 ) ) ;
#347 = CARTESIAN_POINT ( 'NONE',  ( 29.60000000000000142, 6.500000000000004441, -12.79999999999999361 ) ) ;
#348 = EDGE_LOOP ( 'NONE', ( #355, #1429, #1982, #230 ) ) ;
#349 = EDGE_CURVE ( 'NONE', #321, #842, #841, .T. ) ;
#350 = FACE_OUTER_BOUND ( 'NONE', #416, .T. ) ;
#351 = CARTESIAN_POINT ( 'NONE',  ( 47.24999999999998579, 25.50000000000000711, -13.00000000000000000 ) ) ;
#352 = DIRECTION ( 'NONE',  ( -1.000000000000000000, 0.000000000000000000, 0.000000000000000000 ) ) ;
#353 = CARTESIAN_POINT ( 'NONE',  ( 63.04999999999998295, 23.35000000000000142, -11.00000000000000000 ) ) ;
#354 = CARTESIAN_POINT ( 'NONE',  ( 28.60000000000000853, -27.55000000000000426, -11.59999999999999964 ) ) ;
#355 = ORIENTED_EDGE ( 'NONE', *, *, #1253, .T. ) ;
#356 = CIRCLE ( 'NONE', #733, 1.649999999999998579 ) ;
#357 = LINE ( 'NONE', #998, #1669 ) ;
#358 = DIRECTION ( 'NONE',  ( 1.000000000000000000, 0.000000000000000000, 0.000000000000000000 ) ) ;
#359 = DIRECTION ( 'NONE',  ( 1.577021341797101751E-15, 1.000000000000000000, 0.000000000000000000 ) ) ;
#360 = DIRECTION ( 'NONE',  ( 1.000000000000000000, 0.000000000000000000, 0.000000000000000000 ) ) ;
#361 = PLANE ( 'NONE',  #1647 ) ;
#362 = VECTOR ( 'NONE', #1350, 1000.000000000000000 ) ;
#363 = ORIENTED_EDGE ( 'NONE', *, *, #282, .T. ) ;
#364 = AXIS2_PLACEMENT_3D ( 'NONE', #410, #1373, #2023 ) ;
#365 = EDGE_CURVE ( 'NONE', #864, #1888, #56, .T. ) ;
#366 = CARTESIAN_POINT ( 'NONE',  ( 42.74999999999998579, 23.35000000000000497, -12.79999999999999361 ) ) ;
#367 = PLANE ( 'NONE',  #1697 ) ;
#368 = CARTESIAN_POINT ( 'NONE',  ( 30.95000000000000284, 22.00000000000000711, -13.00000000000000000 ) ) ;
#369 = VECTOR ( 'NONE', #1038, 1000.000000000000114 ) ;
#370 = VECTOR ( 'NONE', #888, 1000.000000000000000 ) ;
#371 = ORIENTED_EDGE ( 'NONE', *, *, #764, .T. ) ;
#372 = ORIENTED_EDGE ( 'NONE', *, *, #1052, .T. ) ;
#373 = AXIS2_PLACEMENT_3D ( 'NONE', #1664, #1822, #1691 ) ;
#374 = DIRECTION ( 'NONE',  ( 1.000000000000000000, 0.000000000000000000, 0.000000000000000000 ) ) ;
#375 = CARTESIAN_POINT ( 'NONE',  ( 63.04999999999998295, -29.44999999999998863, -13.00000000000000000 ) ) ;
#376 = CARTESIAN_POINT ( 'NONE',  ( 63.55000000000001137, -10.80000000000000426, -11.00000000000000000 ) ) ;
#377 = ORIENTED_EDGE ( 'NONE', *, *, #1584, .T. ) ;
#378 = ORIENTED_EDGE ( 'NONE', *, *, #1808, .F. ) ;
#379 = EDGE_CURVE ( 'NONE', #1266, #1401, #25, .T. ) ;
#380 = CARTESIAN_POINT ( 'NONE',  ( 30.95000000000000284, 23.35000000000000497, -13.00000000000000000 ) ) ;
#381 = CARTESIAN_POINT ( 'NONE',  ( 29.80000000000000782, 3.500000000000003553, -13.00000000000000000 ) ) ;
#382 = CARTESIAN_POINT ( 'NONE',  ( 29.80000000000000782, 22.00000000000000711, -13.00000000000000000 ) ) ;
#383 = EDGE_CURVE ( 'NONE', #497, #1703, #340, .T. ) ;
#384 = ORIENTED_EDGE ( 'NONE', *, *, #1728, .T. ) ;
#385 = ORIENTED_EDGE ( 'NONE', *, *, #1919, .T. ) ;
#386 = AXIS2_PLACEMENT_3D ( 'NONE', #330, #667, #199 ) ;
#387 = CARTESIAN_POINT ( 'NONE',  ( 27.94999999999999929, 4.649999999999997691, -13.00000000000000000 ) ) ;
#388 = DIRECTION ( 'NONE',  ( -3.854941057726231589E-15, -1.000000000000000000, 0.000000000000000000 ) ) ;
#389 = LINE ( 'NONE', #1351, #1904 ) ;
#390 = VERTEX_POINT ( 'NONE', #15 ) ;
#391 = ORIENTED_EDGE ( 'NONE', *, *, #86, .F. ) ;
#392 = CARTESIAN_POINT ( 'NONE',  ( 30.40000000000000568, 21.50000000000000711, -11.59999999999999964 ) ) ;
#393 = FACE_OUTER_BOUND ( 'NONE', #131, .T. ) ;
#394 = CARTESIAN_POINT ( 'NONE',  ( 62.55000000000001137, -10.80000000000000426, -11.59999999999999964 ) ) ;
#395 = ORIENTED_EDGE ( 'NONE', *, *, #987, .T. ) ;
#396 = CARTESIAN_POINT ( 'NONE',  ( 47.24999999999998579, 25.50000000000000711, -11.00000000000000000 ) ) ;
#397 = EDGE_CURVE ( 'NONE', #1401, #2027, #1299, .T. ) ;
#398 = DIRECTION ( 'NONE',  ( 0.7071067811865474617, 0.000000000000000000, -0.7071067811865474617 ) ) ;
#399 = LINE ( 'NONE', #852, #844 ) ;
#400 = CONICAL_SURFACE ( 'NONE', #1925, 1.149999999999994804, 0.7853981633974479459 ) ;
#401 = ORIENTED_EDGE ( 'NONE', *, *, #1489, .T. ) ;
#402 = ORIENTED_EDGE ( 'NONE', *, *, #1565, .T. ) ;
#403 = AXIS2_PLACEMENT_3D ( 'NONE', #224, #1345, #1973 ) ;
#404 = CARTESIAN_POINT ( 'NONE',  ( 44.39999999999998437, 25.50000000000000711, -12.79999999999999361 ) ) ;
#405 = DIRECTION ( 'NONE',  ( 0.000000000000000000, 0.000000000000000000, -1.000000000000000000 ) ) ;
#406 = ORIENTED_EDGE ( 'NONE', *, *, #315, .T. ) ;
#407 = ORIENTED_EDGE ( 'NONE', *, *, #825, .T. ) ;
#408 = ORIENTED_EDGE ( 'NONE', *, *, #1371, .F. ) ;
#409 = EDGE_CURVE ( 'NONE', #578, #7, #1473, .T. ) ;
#410 = CARTESIAN_POINT ( 'NONE',  ( 54.25000000000000711, -31.44999999999999929, -12.00000000000000000 ) ) ;
#411 = PLANE ( 'NONE',  #285 ) ;
#412 = CARTESIAN_POINT ( 'NONE',  ( 44.39999999999998437, 25.50000000000000711, -12.79999999999999361 ) ) ;
#413 = EDGE_CURVE ( 'NONE', #1384, #1652, #174, .T. ) ;
#414 = ORIENTED_EDGE ( 'NONE', *, *, #1783, .F. ) ;
#415 = VECTOR ( 'NONE', #768, 1000.000000000000000 ) ;
#416 = EDGE_LOOP ( 'NONE', ( #475, #691, #1813, #307 ) ) ;
#417 = ORIENTED_EDGE ( 'NONE', *, *, #669, .F. ) ;
#418 = CARTESIAN_POINT ( 'NONE',  ( 54.25000000000000711, -31.44999999999999929, -12.00000000000000000 ) ) ;
#419 = CARTESIAN_POINT ( 'NONE',  ( 62.55000000000001137, -10.80000000000000426, -11.59999999999999964 ) ) ;
#420 = ORIENTED_EDGE ( 'NONE', *, *, #565, .F. ) ;
#421 = VERTEX_POINT ( 'NONE', #1281 ) ;
#422 = ORIENTED_EDGE ( 'NONE', *, *, #1667, .T. ) ;
#423 = DIRECTION ( 'NONE',  ( -0.000000000000000000, -0.000000000000000000, 1.000000000000000000 ) ) ;
#424 = CARTESIAN_POINT ( 'NONE',  ( 28.35000000000000853, -27.55000000000000426, -11.59999999999999964 ) ) ;
#425 = CARTESIAN_POINT ( 'NONE',  ( 29.60000000000000142, 6.500000000000004441, -11.00000000000000000 ) ) ;
#426 = AXIS2_PLACEMENT_3D ( 'NONE', #1596, #1752, #163 ) ;
#427 = ADVANCED_FACE ( 'NONE', ( #995 ), #1122, .F. ) ;
#428 = ORIENTED_EDGE ( 'NONE', *, *, #1932, .F. ) ;
#429 = ORIENTED_EDGE ( 'NONE', *, *, #891, .F. ) ;
#430 = EDGE_CURVE ( 'NONE', #1150, #703, #812, .T. ) ;
#431 = AXIS2_PLACEMENT_3D ( 'NONE', #1146, #1632, #352 ) ;
#432 = CARTESIAN_POINT ( 'NONE',  ( 50.09999999999999432, 25.50000000000000711, -11.00000000000000000 ) ) ;
#433 = EDGE_LOOP ( 'NONE', ( #1017, #1438, #1241, #1379 ) ) ;
#434 = ORIENTED_EDGE ( 'NONE', *, *, #456, .F. ) ;
#435 = DIRECTION ( 'NONE',  ( -1.000000000000000000, 3.854941057726233167E-15, 0.000000000000000000 ) ) ;
#436 = DIRECTION ( 'NONE',  ( -0.000000000000000000, -1.000000000000000000, -0.000000000000000000 ) ) ;
#437 = ORIENTED_EDGE ( 'NONE', *, *, #788, .T. ) ;
#438 = VECTOR ( 'NONE', #488, 1000.000000000000000 ) ;
#439 = EDGE_LOOP ( 'NONE', ( #1525, #1709, #428, #1100 ) ) ;
#440 = EDGE_CURVE ( 'NONE', #924, #1681, #932, .T. ) ;
#441 = PLANE ( 'NONE',  #1386 ) ;
#442 = ORIENTED_EDGE ( 'NONE', *, *, #1738, .F. ) ;
#443 = AXIS2_PLACEMENT_3D ( 'NONE', #271, #1219, #283 ) ;
#444 = ORIENTED_EDGE ( 'NONE', *, *, #669, .T. ) ;
#445 = CARTESIAN_POINT ( 'NONE',  ( 63.04999999999998295, 22.00000000000000355, -13.00000000000000000 ) ) ;
#446 = DIRECTION ( 'NONE',  ( 0.000000000000000000, 0.000000000000000000, -1.000000000000000000 ) ) ;
#447 = CARTESIAN_POINT ( 'NONE',  ( 47.24999999999998579, 25.50000000000000711, -13.00000000000000000 ) ) ;
#448 = VECTOR ( 'NONE', #556, 1000.000000000000000 ) ;
#449 = ORIENTED_EDGE ( 'NONE', *, *, #644, .F. ) ;
#450 = ORIENTED_EDGE ( 'NONE', *, *, #365, .F. ) ;
#451 = ADVANCED_FACE ( 'NONE', ( #1672 ), #1970, .F. ) ;
#452 = DIRECTION ( 'NONE',  ( 0.000000000000000000, 0.000000000000000000, -1.000000000000000000 ) ) ;
#453 = ORIENTED_EDGE ( 'NONE', *, *, #336, .T. ) ;
#454 = DIRECTION ( 'NONE',  ( 0.000000000000000000, 0.000000000000000000, -1.000000000000000000 ) ) ;
#455 = DIRECTION ( 'NONE',  ( 1.000000000000000000, 0.000000000000000000, 0.000000000000000000 ) ) ;
#456 = EDGE_CURVE ( 'NONE', #1251, #1105, #558, .T. ) ;
#457 = LINE ( 'NONE', #1408, #1634 ) ;
#458 = VERTEX_POINT ( 'NONE', #1041 ) ;
#459 = ORIENTED_EDGE ( 'NONE', *, *, #1271, .T. ) ;
#460 = VERTEX_POINT ( 'NONE', #1506 ) ;
#461 = AXIS2_PLACEMENT_3D ( 'NONE', #80, #231, #2004 ) ;
#462 = LINE ( 'NONE', #1102, #1786 ) ;
#463 = CARTESIAN_POINT ( 'NONE',  ( 0.000000000000000000, 0.000000000000000000, -12.00000000000000000 ) ) ;
#464 = CARTESIAN_POINT ( 'NONE',  ( 63.55000000000001137, -10.80000000000000426, -11.00000000000000000 ) ) ;
#465 = EDGE_CURVE ( 'NONE', #1867, #1466, #389, .T. ) ;
#466 = EDGE_CURVE ( 'NONE', #121, #321, #922, .T. ) ;
#467 = ORIENTED_EDGE ( 'NONE', *, *, #276, .T. ) ;
#468 = ORIENTED_EDGE ( 'NONE', *, *, #797, .F. ) ;
#469 = CIRCLE ( 'NONE', #1628, 0.2500000000000002220 ) ;
#470 = DIRECTION ( 'NONE',  ( 0.000000000000000000, -1.000000000000000000, 0.000000000000000000 ) ) ;
#471 = DIRECTION ( 'NONE',  ( -0.000000000000000000, -0.000000000000000000, 1.000000000000000000 ) ) ;
#472 = CARTESIAN_POINT ( 'NONE',  ( 51.74999999999999289, 23.35000000000000497, -11.00000000000000000 ) ) ;
#473 = VECTOR ( 'NONE', #470, 1000.000000000000000 ) ;
#474 = EDGE_CURVE ( 'NONE', #1556, #1215, #1195, .T. ) ;
#475 = ORIENTED_EDGE ( 'NONE', *, *, #1947, .T. ) ;
#476 = VECTOR ( 'NONE', #1328, 1000.000000000000000 ) ;
#477 = EDGE_CURVE ( 'NONE', #7, #2013, #247, .T. ) ;
#478 = APPLICATION_CONTEXT ( 'automotive_design' ) ;
#479 = VECTOR ( 'NONE', #1250, 1000.000000000000114 ) ;
#480 = LINE ( 'NONE', #958, #438 ) ;
#481 = FACE_OUTER_BOUND ( 'NONE', #942, .T. ) ;
#482 = CARTESIAN_POINT ( 'NONE',  ( 26.50000000000000355, 3.500000000000003109, -11.00000000000000000 ) ) ;
#483 = CARTESIAN_POINT ( 'NONE',  ( 27.85000000000000497, 4.850000000000004086, -12.79999999999999361 ) ) ;
#484 = DIRECTION ( 'NONE',  ( 0.000000000000000000, -1.000000000000000000, 0.000000000000000000 ) ) ;
#485 = ORIENTED_EDGE ( 'NONE', *, *, #993, .F. ) ;
#486 = EDGE_CURVE ( 'NONE', #927, #1242, #718, .T. ) ;
#487 = AXIS2_PLACEMENT_3D ( 'NONE', #183, #1141, #506 ) ;
#488 = DIRECTION ( 'NONE',  ( 0.000000000000000000, 0.000000000000000000, 1.000000000000000000 ) ) ;
#489 = EDGE_CURVE ( 'NONE', #767, #532, #208, .T. ) ;
#490 = PRODUCT_DEFINITION_SHAPE ( 'NONE', 'NONE',  #955 ) ;
#491 = DIRECTION ( 'NONE',  ( -1.000000000000000000, 0.000000000000000000, 0.000000000000000000 ) ) ;
#492 = CARTESIAN_POINT ( 'NONE',  ( 62.30000000000001137, -27.80000000000000071, -11.59999999999999964 ) ) ;
#493 = CARTESIAN_POINT ( 'NONE',  ( 64.39999999999999147, 22.00000000000000355, -12.79999999999999361 ) ) ;
#494 = AXIS2_PLACEMENT_3D ( 'NONE', #530, #1009, #1640 ) ;
#495 = DIRECTION ( 'NONE',  ( -0.000000000000000000, -0.000000000000000000, 1.000000000000000000 ) ) ;
#496 = PLANE ( 'NONE',  #593 ) ;
#497 = VERTEX_POINT ( 'NONE', #1827 ) ;
#498 = CARTESIAN_POINT ( 'NONE',  ( 64.19999999999997442, -28.29999999999999361, -13.00000000000000000 ) ) ;
#499 = VECTOR ( 'NONE', #36, 1000.000000000000000 ) ;
#500 = DIRECTION ( 'NONE',  ( -0.000000000000000000, -0.000000000000000000, -1.000000000000000000 ) ) ;
#501 = PLANE ( 'NONE',  #1234 ) ;
#502 = DIRECTION ( 'NONE',  ( 1.000000000000000000, 0.000000000000000000, 0.000000000000000000 ) ) ;
#503 = EDGE_CURVE ( 'NONE', #1106, #1236, #399, .T. ) ;
#504 = FACE_OUTER_BOUND ( 'NONE', #1999, .T. ) ;
#505 = CIRCLE ( 'NONE', #575, 1.199999999999999734 ) ;
#506 = DIRECTION ( 'NONE',  ( -1.000000000000000000, 0.000000000000000000, 0.000000000000000000 ) ) ;
#507 = AXIS2_PLACEMENT_3D ( 'NONE', #1332, #1510, #1649 ) ;
#508 = EDGE_LOOP ( 'NONE', ( #1172, #242, #1537, #1300 ) ) ;
#509 = DIRECTION ( 'NONE',  ( -1.000000000000000000, 8.673617379884027583E-16, 0.000000000000000000 ) ) ;
#510 = CIRCLE ( 'NONE', #1678, 1.149999999999994804 ) ;
#511 = DIRECTION ( 'NONE',  ( -1.091021054073463771E-16, -1.000000000000000000, 0.000000000000000000 ) ) ;
#512 = PLANE ( 'NONE',  #327 ) ;
#513 =( NAMED_UNIT ( * ) PLANE_ANGLE_UNIT ( ) SI_UNIT ( $, .RADIAN. ) );
#514 = DIRECTION ( 'NONE',  ( 1.000000000000000000, 0.000000000000000000, 0.000000000000000000 ) ) ;
#515 = DIRECTION ( 'NONE',  ( -0.000000000000000000, -0.000000000000000000, 1.000000000000000000 ) ) ;
#516 = ORIENTED_EDGE ( 'NONE', *, *, #1719, .F. ) ;
#517 = CARTESIAN_POINT ( 'NONE',  ( 63.55000000000001137, -4.800000000000003375, -11.59999999999999964 ) ) ;
#518 = LINE ( 'NONE', #848, #1986 ) ;
#519 = VECTOR ( 'NONE', #807, 1000.000000000000000 ) ;
#520 = PRODUCT_CONTEXT ( 'NONE', #478, 'mechanical' ) ;
#521 = EDGE_CURVE ( 'NONE', #1652, #390, #814, .T. ) ;
#522 = EDGE_CURVE ( 'NONE', #1971, #1699, #234, .T. ) ;
#523 = LINE ( 'NONE', #1935, #1107 ) ;
#524 = VECTOR ( 'NONE', #188, 1000.000000000000000 ) ;
#525 = EDGE_CURVE ( 'NONE', #1402, #1348, #59, .T. ) ;
#526 = FACE_OUTER_BOUND ( 'NONE', #1064, .T. ) ;
#527 = ORIENTED_EDGE ( 'NONE', *, *, #189, .F. ) ;
#528 = VECTOR ( 'NONE', #1522, 1000.000000000000000 ) ;
#529 = DIRECTION ( 'NONE',  ( -1.000000000000000000, -0.000000000000000000, -0.000000000000000000 ) ) ;
#530 = CARTESIAN_POINT ( 'NONE',  ( 63.04999999999998295, -28.29999999999999361, -11.00000000000000000 ) ) ;
#531 = DIRECTION ( 'NONE',  ( 0.7071067811865474617, 8.659560562354932858E-17, -0.7071067811865474617 ) ) ;
#532 = VERTEX_POINT ( 'NONE', #571 ) ;
#533 = DIRECTION ( 'NONE',  ( 1.000000000000000000, 1.029509481291873510E-16, 0.000000000000000000 ) ) ;
#534 = DIRECTION ( 'NONE',  ( 0.000000000000000000, 0.000000000000000000, 1.000000000000000000 ) ) ;
#535 = ORIENTED_EDGE ( 'NONE', *, *, #1446, .T. ) ;
#536 = CIRCLE ( 'NONE', #14, 1.149999999999998135 ) ;
#537 = VERTEX_POINT ( 'NONE', #1838 ) ;
#538 = PLANE ( 'NONE',  #781 ) ;
#539 = CARTESIAN_POINT ( 'NONE',  ( 62.55000000000001137, -4.800000000000003375, -11.59999999999999964 ) ) ;
#540 = CYLINDRICAL_SURFACE ( 'NONE', #288, 1.199999999999999734 ) ;
#541 = AXIS2_PLACEMENT_3D ( 'NONE', #67, #1337, #1014 ) ;
#542 = AXIS2_PLACEMENT_3D ( 'NONE', #1448, #976, #360 ) ;
#543 = ORIENTED_EDGE ( 'NONE', *, *, #397, .F. ) ;
#544 = ORIENTED_EDGE ( 'NONE', *, *, #1942, .F. ) ;
#545 = AXIS2_PLACEMENT_3D ( 'NONE', #1323, #1622, #206 ) ;
#546 = DIRECTION ( 'NONE',  ( -0.000000000000000000, 0.000000000000000000, 1.000000000000000000 ) ) ;
#547 = FACE_OUTER_BOUND ( 'NONE', #150, .T. ) ;
#548 = DIRECTION ( 'NONE',  ( -0.000000000000000000, 1.000000000000000000, -0.000000000000000000 ) ) ;
#549 = EDGE_LOOP ( 'NONE', ( #516, #895, #268, #1331 ) ) ;
#550 = ORIENTED_EDGE ( 'NONE', *, *, #27, .F. ) ;
#551 = LINE ( 'NONE', #1629, #676 ) ;
#552 = CARTESIAN_POINT ( 'NONE',  ( 47.24999999999998579, 25.50000000000000711, -13.00000000000000000 ) ) ;
#553 = CARTESIAN_POINT ( 'NONE',  ( 62.30000000000001137, -27.80000000000000071, -11.59999999999999964 ) ) ;
#554 = EDGE_CURVE ( 'NONE', #1242, #1867, #1804, .T. ) ;
#555 = VERTEX_POINT ( 'NONE', #1645 ) ;
#556 = DIRECTION ( 'NONE',  ( -0.000000000000000000, -0.000000000000000000, 1.000000000000000000 ) ) ;
#557 = CARTESIAN_POINT ( 'NONE',  ( 51.74999999999999289, 23.35000000000000497, -11.00000000000000000 ) ) ;
#558 = LINE ( 'NONE', #876, #1547 ) ;
#559 = EDGE_LOOP ( 'NONE', ( #1091, #407, #804, #527 ) ) ;
#560 = ORIENTED_EDGE ( 'NONE', *, *, #943, .F. ) ;
#561 = EDGE_CURVE ( 'NONE', #1342, #1034, #821, .T. ) ;
#562 = CARTESIAN_POINT ( 'NONE',  ( 30.15000000000000568, 5.000000000000009770, -11.59999999999999964 ) ) ;
#563 = DIRECTION ( 'NONE',  ( -0.000000000000000000, -0.000000000000000000, 1.000000000000000000 ) ) ;
#564 = ORIENTED_EDGE ( 'NONE', *, *, #1825, .F. ) ;
#565 = EDGE_CURVE ( 'NONE', #1858, #1252, #656, .T. ) ;
#566 = EDGE_LOOP ( 'NONE', ( #437, #1483, #151, #442 ) ) ;
#567 = PLANE ( 'NONE',  #364 ) ;
#568 = CARTESIAN_POINT ( 'NONE',  ( 36.64999999999999858, -29.64999999999999858, -11.00000000000000000 ) ) ;
#569 = EDGE_CURVE ( 'NONE', #1215, #1617, #1780, .T. ) ;
#570 = CYLINDRICAL_SURFACE ( 'NONE', #639, 0.2500000000000002220 ) ;
#571 = CARTESIAN_POINT ( 'NONE',  ( 29.15000000000000568, 4.000000000000008882, -11.00000000000000000 ) ) ;
#572 = ORIENTED_EDGE ( 'NONE', *, *, #349, .F. ) ;
#573 = ORIENTED_EDGE ( 'NONE', *, *, #276, .F. ) ;
#574 = VECTOR ( 'NONE', #388, 1000.000000000000000 ) ;
#575 = AXIS2_PLACEMENT_3D ( 'NONE', #344, #980, #1595 ) ;
#576 = DIRECTION ( 'NONE',  ( -0.000000000000000000, -0.000000000000000000, 1.000000000000000000 ) ) ;
#577 = PLANE ( 'NONE',  #815 ) ;
#578 = VERTEX_POINT ( 'NONE', #39 ) ;
#579 = ORIENTED_EDGE ( 'NONE', *, *, #810, .T. ) ;
#580 = VECTOR ( 'NONE', #148, 1000.000000000000000 ) ;
#581 = DIRECTION ( 'NONE',  ( 0.000000000000000000, 0.000000000000000000, 1.000000000000000000 ) ) ;
#582 = EDGE_CURVE ( 'NONE', #1236, #1380, #1445, .T. ) ;
#583 = CARTESIAN_POINT ( 'NONE',  ( 51.74999999999999289, 23.35000000000000497, -13.00000000000000000 ) ) ;
#584 = DIRECTION ( 'NONE',  ( 0.000000000000000000, 1.000000000000000000, 0.000000000000000000 ) ) ;
#585 = VECTOR ( 'NONE', #1190, 1000.000000000000000 ) ;
#586 = ORIENTED_EDGE ( 'NONE', *, *, #1519, .T. ) ;
#587 = ORIENTED_EDGE ( 'NONE', *, *, #1748, .F. ) ;
#588 = DIRECTION ( 'NONE',  ( 0.000000000000000000, -1.000000000000000000, 0.000000000000000000 ) ) ;
#589 = ORIENTED_EDGE ( 'NONE', *, *, #282, .F. ) ;
#590 = ORIENTED_EDGE ( 'NONE', *, *, #189, .T. ) ;
#591 = DIRECTION ( 'NONE',  ( -3.854941057726233167E-15, -1.000000000000000000, 0.000000000000000000 ) ) ;
#592 = LINE ( 'NONE', #387, #1654 ) ;
#593 = AXIS2_PLACEMENT_3D ( 'NONE', #191, #1936, #1132 ) ;
#594 = DIRECTION ( 'NONE',  ( 1.000000000000000000, 0.000000000000000000, 0.000000000000000000 ) ) ;
#595 = EDGE_CURVE ( 'NONE', #2021, #1966, #1003, .T. ) ;
#596 = ORIENTED_EDGE ( 'NONE', *, *, #554, .T. ) ;
#597 = EDGE_LOOP ( 'NONE', ( #782, #787, #1817, #1876 ) ) ;
#598 = AXIS2_PLACEMENT_3D ( 'NONE', #673, #1296, #30 ) ;
#599 = LINE ( 'NONE', #917, #1114 ) ;
#600 = ORIENTED_EDGE ( 'NONE', *, *, #1750, .T. ) ;
#601 = AXIS2_PLACEMENT_3D ( 'NONE', #252, #576, #1690 ) ;
#602 = VERTEX_POINT ( 'NONE', #1471 ) ;
#603 = CARTESIAN_POINT ( 'NONE',  ( 62.30000000000001137, 21.50000000000000355, -11.59999999999999964 ) ) ;
#604 = CARTESIAN_POINT ( 'NONE',  ( 30.40000000000000568, 21.50000000000000711, -11.00000000000000000 ) ) ;
#605 = DIRECTION ( 'NONE',  ( 0.000000000000000000, 0.000000000000000000, 1.000000000000000000 ) ) ;
#606 = ORIENTED_EDGE ( 'NONE', *, *, #1719, .T. ) ;
#607 = AXIS2_PLACEMENT_3D ( 'NONE', #273, #1543, #84 ) ;
#608 = EDGE_CURVE ( 'NONE', #1266, #864, #964, .T. ) ;
#609 = ORIENTED_EDGE ( 'NONE', *, *, #857, .F. ) ;
#610 = EDGE_CURVE ( 'NONE', #1918, #866, #198, .T. ) ;
#611 = LINE ( 'NONE', #2030, #479 ) ;
#612 = ORIENTED_EDGE ( 'NONE', *, *, #1303, .T. ) ;
#613 = AXIS2_PLACEMENT_3D ( 'NONE', #256, #1539, #753 ) ;
#614 = VERTEX_POINT ( 'NONE', #33 ) ;
#615 = DIRECTION ( 'NONE',  ( 0.000000000000000000, 0.000000000000000000, 1.000000000000000000 ) ) ;
#616 = DIRECTION ( 'NONE',  ( 1.000000000000000000, -8.673617379884388882E-15, 0.000000000000000000 ) ) ;
#617 = FACE_OUTER_BOUND ( 'NONE', #1395, .T. ) ;
#618 = VERTEX_POINT ( 'NONE', #353 ) ;
#619 = EDGE_LOOP ( 'NONE', ( #372, #1829, #1736, #915 ) ) ;
#620 = APPLICATION_CONTEXT ( 'automotive_design' ) ;
#621 = CARTESIAN_POINT ( 'NONE',  ( 28.60000000000000853, 4.000000000000009770, -11.59999999999999964 ) ) ;
#622 = EDGE_CURVE ( 'NONE', #1699, #1879, #994, .T. ) ;
#623 = ORIENTED_EDGE ( 'NONE', *, *, #1011, .F. ) ;
#624 = ADVANCED_FACE ( 'NONE', ( #1169, #1633, #1789 ), #666, .F. ) ;
#625 = DIRECTION ( 'NONE',  ( -1.000000000000000000, 0.000000000000000000, 0.000000000000000000 ) ) ;
#626 = LINE ( 'NONE', #1590, #261 ) ;
#627 = FACE_OUTER_BOUND ( 'NONE', #1859, .T. ) ;
#628 = ORIENTED_EDGE ( 'NONE', *, *, #1036, .F. ) ;
#629 = VERTEX_POINT ( 'NONE', #1926 ) ;
#630 = EDGE_CURVE ( 'NONE', #924, #637, #1317, .T. ) ;
#631 = AXIS2_PLACEMENT_3D ( 'NONE', #828, #681, #45 ) ;
#632 = PLANE ( 'NONE',  #1249 ) ;
#633 = FACE_OUTER_BOUND ( 'NONE', #1181, .T. ) ;
#634 = LINE ( 'NONE', #1112, #1675 ) ;
#635 = ADVANCED_FACE ( 'NONE', ( #504 ), #1773, .F. ) ;
#636 = ADVANCED_FACE ( 'NONE', ( #674 ), #1131, .F. ) ;
#637 = VERTEX_POINT ( 'NONE', #1608 ) ;
#638 = DIRECTION ( 'NONE',  ( 1.000000000000000000, 0.000000000000000000, 0.000000000000000000 ) ) ;
#639 = AXIS2_PLACEMENT_3D ( 'NONE', #1208, #1055, #1015 ) ;
#640 = LINE ( 'NONE', #2042, #473 ) ;
#641 = DIRECTION ( 'NONE',  ( 0.000000000000000000, 0.000000000000000000, -1.000000000000000000 ) ) ;
#642 = CARTESIAN_POINT ( 'NONE',  ( 27.85000000000000142, -28.29999999999999005, -11.00000000000000000 ) ) ;
#643 = CIRCLE ( 'NONE', #1413, 1.350000000000004086 ) ;
#644 = EDGE_CURVE ( 'NONE', #602, #1566, #1944, .T. ) ;
#645 = CARTESIAN_POINT ( 'NONE',  ( 62.30000000000001137, -27.80000000000000071, -11.00000000000000000 ) ) ;
#646 = EDGE_CURVE ( 'NONE', #1372, #1666, #1600, .T. ) ;
#647 = AXIS2_PLACEMENT_3D ( 'NONE', #1862, #2044, #1104 ) ;
#648 = ORIENTED_EDGE ( 'NONE', *, *, #1881, .F. ) ;
#649 = VECTOR ( 'NONE', #863, 1000.000000000000000 ) ;
#650 = VECTOR ( 'NONE', #563, 1000.000000000000000 ) ;
#651 = LINE ( 'NONE', #979, #499 ) ;
#652 = CARTESIAN_POINT ( 'NONE',  ( 42.74999999999998579, 25.00000000000000711, -12.79999999999999361 ) ) ;
#653 = DIRECTION ( 'NONE',  ( 1.000000000000000000, -8.673617379884027583E-16, 0.000000000000000000 ) ) ;
#654 = CARTESIAN_POINT ( 'NONE',  ( 63.04999999999998295, 23.15000000000000213, -13.00000000000000000 ) ) ;
#655 = PRODUCT_RELATED_PRODUCT_CATEGORY ( 'part', '', ( #1291 ) ) ;
#656 = LINE ( 'NONE', #840, #1175 ) ;
#657 = DIRECTION ( 'NONE',  ( -0.000000000000000000, -0.000000000000000000, 1.000000000000000000 ) ) ;
#658 = ORIENTED_EDGE ( 'NONE', *, *, #905, .F. ) ;
#659 = VECTOR ( 'NONE', #822, 1000.000000000000000 ) ;
#660 = DIRECTION ( 'NONE',  ( -0.000000000000000000, -1.000000000000000000, 0.000000000000000000 ) ) ;
#661 = EDGE_CURVE ( 'NONE', #390, #121, #523, .T. ) ;
#662 = DIRECTION ( 'NONE',  ( -0.000000000000000000, -0.000000000000000000, -1.000000000000000000 ) ) ;
#663 = DIRECTION ( 'NONE',  ( 1.000000000000000000, 0.000000000000000000, 0.000000000000000000 ) ) ;
#664 = DIRECTION ( 'NONE',  ( -0.000000000000000000, -0.000000000000000000, 1.000000000000000000 ) ) ;
#665 = DIRECTION ( 'NONE',  ( 1.000000000000000000, 0.000000000000000000, 0.000000000000000000 ) ) ;
#666 = PLANE ( 'NONE',  #1484 ) ;
#667 = DIRECTION ( 'NONE',  ( 1.000000000000000000, -0.000000000000000000, 0.000000000000000000 ) ) ;
#668 = ORIENTED_EDGE ( 'NONE', *, *, #1093, .F. ) ;
#669 = EDGE_CURVE ( 'NONE', #2027, #1496, #469, .T. ) ;
#670 = CARTESIAN_POINT ( 'NONE',  ( 49.89999999999998437, 25.50000000000000711, -13.00000000000000000 ) ) ;
#671 = EDGE_CURVE ( 'NONE', #2021, #732, #1481, .T. ) ;
#672 = DIRECTION ( 'NONE',  ( -0.000000000000000000, -0.000000000000000000, -1.000000000000000000 ) ) ;
#673 = CARTESIAN_POINT ( 'NONE',  ( 51.74999999999999289, 25.00000000000000711, -11.00000000000000000 ) ) ;
#674 = FACE_OUTER_BOUND ( 'NONE', #60, .T. ) ;
#675 = CARTESIAN_POINT ( 'NONE',  ( 28.60000000000000853, -27.80000000000000426, -11.59999999999999964 ) ) ;
#676 = VECTOR ( 'NONE', #1820, 1000.000000000000000 ) ;
#677 = ORIENTED_EDGE ( 'NONE', *, *, #1626, .T. ) ;
#678 = VECTOR ( 'NONE', #897, 1000.000000000000000 ) ;
#679 = DIRECTION ( 'NONE',  ( 0.000000000000000000, 0.000000000000000000, 1.000000000000000000 ) ) ;
#680 = CIRCLE ( 'NONE', #847, 1.650000000000002132 ) ;
#681 = DIRECTION ( 'NONE',  ( -0.000000000000000000, -0.000000000000000000, 1.000000000000000000 ) ) ;
#682 =( NAMED_UNIT ( * ) PLANE_ANGLE_UNIT ( ) SI_UNIT ( $, .RADIAN. ) );
#683 = EDGE_CURVE ( 'NONE', #1703, #95, #277, .T. ) ;
#684 = CARTESIAN_POINT ( 'NONE',  ( 31.85000000000000497, -29.64999999999999503, -11.00000000000000000 ) ) ;
#685 = DIRECTION ( 'NONE',  ( 0.000000000000000000, 0.7071067811865474617, 0.7071067811865474617 ) ) ;
#686 = ORIENTED_EDGE ( 'NONE', *, *, #2028, .T. ) ;
#687 = DIRECTION ( 'NONE',  ( -0.7071067811865474617, 0.000000000000000000, -0.7071067811865474617 ) ) ;
#688 = VECTOR ( 'NONE', #235, 1000.000000000000000 ) ;
#689 = FACE_OUTER_BOUND ( 'NONE', #1687, .T. ) ;
#690 = PRESENTATION_STYLE_ASSIGNMENT (( #216 ) ) ;
#691 = ORIENTED_EDGE ( 'NONE', *, *, #1388, .F. ) ;
#692 = CARTESIAN_POINT ( 'NONE',  ( 50.09999999999999432, 25.50000000000000711, -13.00000000000000000 ) ) ;
#693 = AXIS2_PLACEMENT_3D ( 'NONE', #1614, #981, #1316 ) ;
#694 = CARTESIAN_POINT ( 'NONE',  ( 29.15000000000000568, 5.000000000000009770, -11.00000000000000000 ) ) ;
#695 = ORIENTED_EDGE ( 'NONE', *, *, #1400, .F. ) ;
#696 = AXIS2_PLACEMENT_3D ( 'NONE', #1346, #869, #1189 ) ;
#697 = ORIENTED_EDGE ( 'NONE', *, *, #720, .F. ) ;
#698 = LINE ( 'NONE', #1153, #1306 ) ;
#699 = CARTESIAN_POINT ( 'NONE',  ( 32.05000000000001137, -29.64999999999999503, -12.00000000000000000 ) ) ;
#700 = LINE ( 'NONE', #1651, #650 ) ;
#701 = ORIENTED_EDGE ( 'NONE', *, *, #1734, .F. ) ;
#702 = VECTOR ( 'NONE', #1740, 1000.000000000000000 ) ;
#703 = VERTEX_POINT ( 'NONE', #1026 ) ;
#704 = CARTESIAN_POINT ( 'NONE',  ( 63.55000000000001137, -4.800000000000003375, -11.59999999999999964 ) ) ;
#705 = CARTESIAN_POINT ( 'NONE',  ( 62.30000000000001137, 21.25000000000000355, -11.59999999999999964 ) ) ;
#706 = DIRECTION ( 'NONE',  ( 0.000000000000000000, 0.000000000000000000, -1.000000000000000000 ) ) ;
#707 = EDGE_LOOP ( 'NONE', ( #589, #858, #775, #167, #1490, #738, #422, #956, #292, #709, #1049, #94 ) ) ;
#708 = CIRCLE ( 'NONE', #1875, 1.850000000000007860 ) ;
#709 = ORIENTED_EDGE ( 'NONE', *, *, #229, .T. ) ;
#710 = EDGE_CURVE ( 'NONE', #1637, #934, #1194, .T. ) ;
#711 = DIRECTION ( 'NONE',  ( 1.000000000000000000, 0.000000000000000000, 0.000000000000000000 ) ) ;
#712 = LINE ( 'NONE', #196, #1126 ) ;
#713 = FACE_OUTER_BOUND ( 'NONE', #873, .T. ) ;
#714 = VERTEX_POINT ( 'NONE', #1815 ) ;
#715 = ORIENTED_EDGE ( 'NONE', *, *, #229, .F. ) ;
#716 = LINE ( 'NONE', #272, #369 ) ;
#717 = LINE ( 'NONE', #1801, #362 ) ;
#718 = LINE ( 'NONE', #221, #370 ) ;
#719 = ORIENTED_EDGE ( 'NONE', *, *, #1808, .T. ) ;
#720 = EDGE_CURVE ( 'NONE', #1251, #1703, #1979, .T. ) ;
#721 = VERTEX_POINT ( 'NONE', #557 ) ;
#722 = LINE ( 'NONE', #704, #1951 ) ;
#723 = LINE ( 'NONE', #883, #1550 ) ;
#724 = ADVANCED_FACE ( 'NONE', ( #547 ), #741, .F. ) ;
#725 = ORIENTED_EDGE ( 'NONE', *, *, #409, .T. ) ;
#726 = ORIENTED_EDGE ( 'NONE', *, *, #1627, .F. ) ;
#727 = DIRECTION ( 'NONE',  ( 1.000000000000000000, 0.000000000000000000, 0.000000000000000000 ) ) ;
#728 = DIRECTION ( 'NONE',  ( -1.000000000000000000, 0.000000000000000000, -0.000000000000000000 ) ) ;
#729 = DIRECTION ( 'NONE',  ( 1.226634733346664048E-14, 0.7071067811865474617, 0.7071067811865474617 ) ) ;
#730 = DIRECTION ( 'NONE',  ( 0.000000000000000000, 0.000000000000000000, 1.000000000000000000 ) ) ;
#731 = ORIENTED_EDGE ( 'NONE', *, *, #116, .T. ) ;
#732 = VERTEX_POINT ( 'NONE', #875 ) ;
#733 = AXIS2_PLACEMENT_3D ( 'NONE', #652, #1761, #1889 ) ;
#734 = LINE ( 'NONE', #418, #528 ) ;
#735 = DIRECTION ( 'NONE',  ( -0.7071067811865474617, 0.000000000000000000, -0.7071067811865474617 ) ) ;
#736 = ORIENTED_EDGE ( 'NONE', *, *, #1519, .F. ) ;
#737 = ORIENTED_EDGE ( 'NONE', *, *, #413, .F. ) ;
#738 = ORIENTED_EDGE ( 'NONE', *, *, #1057, .T. ) ;
#739 = CARTESIAN_POINT ( 'NONE',  ( 63.04999999999998295, 22.00000000000000355, -13.00000000000000000 ) ) ;
#740 = LINE ( 'NONE', #1025, #770 ) ;
#741 = PLANE ( 'NONE',  #1206 ) ;
#742 = FACE_OUTER_BOUND ( 'NONE', #1071, .T. ) ;
#743 = ORIENTED_EDGE ( 'NONE', *, *, #661, .F. ) ;
#744 = AXIS2_PLACEMENT_3D ( 'NONE', #1516, #1505, #1837 ) ;
#745 = ORIENTED_EDGE ( 'NONE', *, *, #1036, .T. ) ;
#746 = VECTOR ( 'NONE', #773, 1000.000000000000000 ) ;
#747 = DIRECTION ( 'NONE',  ( -1.000000000000000000, 0.000000000000000000, 0.000000000000000000 ) ) ;
#748 = CARTESIAN_POINT ( 'NONE',  ( 48.44999999999998863, 25.50000000000000711, -11.99999999999999822 ) ) ;
#749 = ORIENTED_EDGE ( 'NONE', *, *, #957, .F. ) ;
#750 = ORIENTED_EDGE ( 'NONE', *, *, #1187, .F. ) ;
#751 = EDGE_CURVE ( 'NONE', #1681, #884, #1183, .T. ) ;
#752 = AXIS2_PLACEMENT_3D ( 'NONE', #21, #664, #1121 ) ;
#753 = DIRECTION ( 'NONE',  ( 1.000000000000000000, 0.000000000000000000, 0.000000000000000000 ) ) ;
#754 = AXIS2_PLACEMENT_3D ( 'NONE', #1027, #70, #1170 ) ;
#755 = DIRECTION ( 'NONE',  ( 1.000000000000000000, -8.673617379884388882E-15, 0.000000000000000000 ) ) ;
#756 = ORIENTED_EDGE ( 'NONE', *, *, #193, .F. ) ;
#757 = ORIENTED_EDGE ( 'NONE', *, *, #1451, .F. ) ;
#758 = VERTEX_POINT ( 'NONE', #1657 ) ;
#759 = DIRECTION ( 'NONE',  ( -0.000000000000000000, 1.000000000000000000, -0.000000000000000000 ) ) ;
#760 = ORIENTED_EDGE ( 'NONE', *, *, #975, .T. ) ;
#761 = ORIENTED_EDGE ( 'NONE', *, *, #430, .T. ) ;
#762 = FACE_OUTER_BOUND ( 'NONE', #1555, .T. ) ;
#763 = DIRECTION ( 'NONE',  ( 1.000000000000000000, 0.000000000000000000, 0.000000000000000000 ) ) ;
#764 = EDGE_CURVE ( 'NONE', #1864, #1856, #246, .T. ) ;
#765 = CONICAL_SURFACE ( 'NONE', #487, 1.850000000000007860, 0.7853981633974503884 ) ;
#766 = ORIENTED_EDGE ( 'NONE', *, *, #1124, .F. ) ;
#767 = VERTEX_POINT ( 'NONE', #258 ) ;
#768 = DIRECTION ( 'NONE',  ( -0.000000000000000000, -0.000000000000000000, 1.000000000000000000 ) ) ;
#769 = ORIENTED_EDGE ( 'NONE', *, *, #1750, .F. ) ;
#770 = VECTOR ( 'NONE', #219, 1000.000000000000000 ) ;
#771 = ORIENTED_EDGE ( 'NONE', *, *, #1207, .F. ) ;
#772 = CARTESIAN_POINT ( 'NONE',  ( 30.95000000000000284, 23.15000000000000213, -13.00000000000000000 ) ) ;
#773 = DIRECTION ( 'NONE',  ( -0.000000000000000000, 1.000000000000000000, -0.000000000000000000 ) ) ;
#774 = DIRECTION ( 'NONE',  ( -0.000000000000000000, -0.000000000000000000, 1.000000000000000000 ) ) ;
#775 = ORIENTED_EDGE ( 'NONE', *, *, #1848, .T. ) ;
#776 = VECTOR ( 'NONE', #867, 1000.000000000000000 ) ;
#777 = ORIENTED_EDGE ( 'NONE', *, *, #595, .F. ) ;
#778 = EDGE_CURVE ( 'NONE', #1971, #1452, #717, .T. ) ;
#779 = LINE ( 'NONE', #1869, #1475 ) ;
#780 = CIRCLE ( 'NONE', #443, 1.850000000000004530 ) ;
#781 = AXIS2_PLACEMENT_3D ( 'NONE', #517, #711, #1176 ) ;
#782 = ORIENTED_EDGE ( 'NONE', *, *, #751, .T. ) ;
#783 = DIRECTION ( 'NONE',  ( 1.000000000000000000, 0.000000000000000000, 0.000000000000000000 ) ) ;
#784 = DIRECTION ( 'NONE',  ( 1.091021054073463771E-16, 1.000000000000000000, 0.000000000000000000 ) ) ;
#785 = CARTESIAN_POINT ( 'NONE',  ( 28.60000000000000853, 3.750000000000009326, -11.00000000000000000 ) ) ;
#786 = CONICAL_SURFACE ( 'NONE', #244, 2.649999999999999467, 0.7853981633974482790 ) ;
#787 = ORIENTED_EDGE ( 'NONE', *, *, #1887, .F. ) ;
#788 = EDGE_CURVE ( 'NONE', #1167, #2013, #220, .T. ) ;
#789 = VERTEX_POINT ( 'NONE', #1361 ) ;
#790 = ADVANCED_FACE ( 'NONE', ( #1991 ), #570, .F. ) ;
#791 = DIRECTION ( 'NONE',  ( -0.000000000000000000, -0.000000000000000000, 1.000000000000000000 ) ) ;
#792 = CARTESIAN_POINT ( 'NONE',  ( 47.24999999999998579, 25.50000000000000711, -13.00000000000000000 ) ) ;
#793 = DIRECTION ( 'NONE',  ( 0.7071067811865474617, 0.000000000000000000, 0.7071067811865474617 ) ) ;
#794 = EDGE_LOOP ( 'NONE', ( #1290, #1063, #1674, #125 ) ) ;
#795 = CARTESIAN_POINT ( 'NONE',  ( 63.55000000000001137, -4.800000000000003375, -11.59999999999999964 ) ) ;
#796 = CIRCLE ( 'NONE', #598, 1.649999999999998579 ) ;
#797 = EDGE_CURVE ( 'NONE', #1637, #1918, #1644, .T. ) ;
#798 = CIRCLE ( 'NONE', #166, 1.350000000000000533 ) ;
#799 = CARTESIAN_POINT ( 'NONE',  ( 29.60000000000000142, 6.500000000000004441, -13.00000000000000000 ) ) ;
#800 = LINE ( 'NONE', #1434, #746 ) ;
#801 = CARTESIAN_POINT ( 'NONE',  ( 26.50000000000000000, -28.29999999999999005, -13.00000000000000000 ) ) ;
#802 = EDGE_CURVE ( 'NONE', #1034, #1260, #1793, .T. ) ;
#803 = DIRECTION ( 'NONE',  ( 1.000000000000000000, 0.000000000000000000, 0.000000000000000000 ) ) ;
#804 = ORIENTED_EDGE ( 'NONE', *, *, #1598, .T. ) ;
#805 = LINE ( 'NONE', #1125, #1035 ) ;
#806 = CARTESIAN_POINT ( 'NONE',  ( 63.04999999999998295, 23.35000000000000142, -13.00000000000000000 ) ) ;
#807 = DIRECTION ( 'NONE',  ( 0.000000000000000000, -1.000000000000000000, 0.000000000000000000 ) ) ;
#808 = CARTESIAN_POINT ( 'NONE',  ( 44.39999999999998437, 25.00000000000000711, -12.79999999999999361 ) ) ;
#809 = AXIS2_PLACEMENT_3D ( 'NONE', #445, #581, #727 ) ;
#810 = EDGE_CURVE ( 'NONE', #1532, #1260, #861, .T. ) ;
#811 = CARTESIAN_POINT ( 'NONE',  ( 42.74999999999998579, 23.15000000000000213, -13.00000000000000000 ) ) ;
#812 = LINE ( 'NONE', #49, #1229 ) ;
#813 = ORIENTED_EDGE ( 'NONE', *, *, #195, .F. ) ;
#814 = CIRCLE ( 'NONE', #286, 1.350000000000000533 ) ;
#815 = AXIS2_PLACEMENT_3D ( 'NONE', #1334, #1214, #64 ) ;
#816 = CARTESIAN_POINT ( 'NONE',  ( 64.19999999999997442, 3.500000000000003553, -13.00000000000000000 ) ) ;
#817 = DIRECTION ( 'NONE',  ( -0.000000000000000000, 0.000000000000000000, 1.000000000000000000 ) ) ;
#818 = CARTESIAN_POINT ( 'NONE',  ( 27.84999999999997655, -29.44999999999998863, -13.00000000000000000 ) ) ;
#819 = DIRECTION ( 'NONE',  ( -0.000000000000000000, -0.000000000000000000, -1.000000000000000000 ) ) ;
#820 = EDGE_CURVE ( 'NONE', #1215, #555, #1735, .T. ) ;
#821 = LINE ( 'NONE', #831, #1113 ) ;
#822 = DIRECTION ( 'NONE',  ( -0.000000000000000000, -0.000000000000000000, 1.000000000000000000 ) ) ;
#823 = EDGE_LOOP ( 'NONE', ( #1018, #2040, #1078, #371 ) ) ;
#824 = ORIENTED_EDGE ( 'NONE', *, *, #1388, .T. ) ;
#825 = EDGE_CURVE ( 'NONE', #1034, #1977, #1641, .T. ) ;
#826 = MANIFOLD_SOLID_BREP ( 'Chamfer1', #157 ) ;
#827 = CARTESIAN_POINT ( 'NONE',  ( 49.89999999999998437, 3.500000000000003553, -13.00000000000000000 ) ) ;
#828 = CARTESIAN_POINT ( 'NONE',  ( 47.24999999999998579, 25.50000000000000711, -13.00000000000000000 ) ) ;
#829 = CARTESIAN_POINT ( 'NONE',  ( 49.44999999999998863, 25.50000000000000711, -13.00000000000000000 ) ) ;
#830 = DIRECTION ( 'NONE',  ( 0.000000000000000000, 0.000000000000000000, 1.000000000000000000 ) ) ;
#831 = CARTESIAN_POINT ( 'NONE',  ( 48.44999999999998863, 25.50000000000000711, -13.00000000000000000 ) ) ;
#832 = DIRECTION ( 'NONE',  ( 0.000000000000000000, 1.000000000000000000, 0.000000000000000000 ) ) ;
#833 = VERTEX_POINT ( 'NONE', #345 ) ;
#834 = EDGE_CURVE ( 'NONE', #1966, #721, #796, .T. ) ;
#835 = DIRECTION ( 'NONE',  ( 0.7071067811865475727, 0.000000000000000000, -0.7071067811865475727 ) ) ;
#836 = EDGE_CURVE ( 'NONE', #937, #1372, #1430, .T. ) ;
#837 = DIRECTION ( 'NONE',  ( -0.000000000000000000, -0.000000000000000000, -1.000000000000000000 ) ) ;
#838 = FILL_AREA_STYLE_COLOUR ( '', #1156 ) ;
#839 = AXIS2_PLACEMENT_3D ( 'NONE', #1744, #641, #319 ) ;
#840 = CARTESIAN_POINT ( 'NONE',  ( 26.50000000000000355, 3.500000000000003109, -13.00000000000000000 ) ) ;
#841 = LINE ( 'NONE', #1765, #2019 ) ;
#842 = VERTEX_POINT ( 'NONE', #53 ) ;
#843 = AXIS2_PLACEMENT_3D ( 'NONE', #785, #605, #1232 ) ;
#844 = VECTOR ( 'NONE', #1658, 1000.000000000000000 ) ;
#845 = PLANE ( 'NONE',  #1577 ) ;
#846 = ADVANCED_FACE ( 'NONE', ( #1155 ), #501, .T. ) ;
#847 = AXIS2_PLACEMENT_3D ( 'NONE', #267, #1964, #77 ) ;
#848 = CARTESIAN_POINT ( 'NONE',  ( 62.55000000000001137, -4.800000000000003375, -11.59999999999999964 ) ) ;
#849 = CARTESIAN_POINT ( 'NONE',  ( 58.85000000000000142, -31.44999999999999929, -12.00000000000000000 ) ) ;
#850 = ADVANCED_FACE ( 'NONE', ( #1010 ), #1165, .T. ) ;
#851 = DIRECTION ( 'NONE',  ( -0.000000000000000000, 1.000000000000000000, 0.000000000000000000 ) ) ;
#852 = CARTESIAN_POINT ( 'NONE',  ( 30.40000000000000568, 21.50000000000000711, -11.00000000000000000 ) ) ;
#853 = ORIENTED_EDGE ( 'NONE', *, *, #1191, .F. ) ;
#854 = LINE ( 'NONE', #74, #968 ) ;
#855 = VECTOR ( 'NONE', #1927, 1000.000000000000000 ) ;
#856 = DIRECTION ( 'NONE',  ( 0.000000000000000000, -1.000000000000000000, 0.000000000000000000 ) ) ;
#857 = EDGE_CURVE ( 'NONE', #291, #937, #1470, .T. ) ;
#858 = ORIENTED_EDGE ( 'NONE', *, *, #383, .T. ) ;
#859 = FACE_OUTER_BOUND ( 'NONE', #1084, .T. ) ;
#860 = ADVANCED_FACE ( 'NONE', ( #1941 ), #1324, .T. ) ;
#861 = LINE ( 'NONE', #105, #13 ) ;
#862 = MECHANICAL_DESIGN_GEOMETRIC_PRESENTATION_REPRESENTATION (  '', ( #959 ), #1488 ) ;
#863 = DIRECTION ( 'NONE',  ( -0.000000000000000000, 1.000000000000000000, -0.000000000000000000 ) ) ;
#864 = VERTEX_POINT ( 'NONE', #492 ) ;
#865 = VECTOR ( 'NONE', #882, 1000.000000000000000 ) ;
#866 = VERTEX_POINT ( 'NONE', #1931 ) ;
#867 = DIRECTION ( 'NONE',  ( -0.000000000000000000, -0.000000000000000000, 1.000000000000000000 ) ) ;
#868 = ADVANCED_FACE ( 'NONE', ( #1924 ), #512, .F. ) ;
#869 = DIRECTION ( 'NONE',  ( -0.000000000000000000, -0.000000000000000000, 1.000000000000000000 ) ) ;
#870 = DIRECTION ( 'NONE',  ( -1.000000000000000000, 0.000000000000000000, 0.000000000000000000 ) ) ;
#871 = ORIENTED_EDGE ( 'NONE', *, *, #569, .F. ) ;
#872 = CONICAL_SURFACE ( 'NONE', #1409, 1.149999999999998135, 0.7853981633974526089 ) ;
#873 = EDGE_LOOP ( 'NONE', ( #1459, #192, #1200, #1410 ) ) ;
#874 = DIRECTION ( 'NONE',  ( 0.000000000000000000, 0.000000000000000000, 1.000000000000000000 ) ) ;
#875 = CARTESIAN_POINT ( 'NONE',  ( 49.89999999999998437, 25.00000000000000711, -13.00000000000000000 ) ) ;
#876 = CARTESIAN_POINT ( 'NONE',  ( 27.85000000000000142, -29.44999999999998863, -13.00000000000000000 ) ) ;
#877 = ORIENTED_EDGE ( 'NONE', *, *, #891, .T. ) ;
#878 = AXIS2_PLACEMENT_3D ( 'NONE', #301, #1254, #1717 ) ;
#879 = ORIENTED_EDGE ( 'NONE', *, *, #413, .T. ) ;
#880 = EDGE_CURVE ( 'NONE', #1252, #2022, #1949, .T. ) ;
#881 = DIRECTION ( 'NONE',  ( -0.000000000000000000, -1.000000000000000000, -0.000000000000000000 ) ) ;
#882 = DIRECTION ( 'NONE',  ( 0.000000000000000000, -1.000000000000000000, 0.000000000000000000 ) ) ;
#883 = CARTESIAN_POINT ( 'NONE',  ( 63.04999999999998295, 23.14999999999999858, -13.00000000000000000 ) ) ;
#884 = VERTEX_POINT ( 'NONE', #990 ) ;
#885 = ORIENTED_EDGE ( 'NONE', *, *, #1052, .F. ) ;
#886 = CARTESIAN_POINT ( 'NONE',  ( 62.55000000000001137, -4.800000000000003375, -11.59999999999999964 ) ) ;
#887 = DIRECTION ( 'NONE',  ( -0.7071067811865474617, 0.000000000000000000, -0.7071067811865474617 ) ) ;
#888 = DIRECTION ( 'NONE',  ( -0.000000000000000000, -0.000000000000000000, 1.000000000000000000 ) ) ;
#889 = ORIENTED_EDGE ( 'NONE', *, *, #1203, .F. ) ;
#890 = ORIENTED_EDGE ( 'NONE', *, *, #1462, .T. ) ;
#891 = EDGE_CURVE ( 'NONE', #732, #114, #900, .T. ) ;
#892 = CARTESIAN_POINT ( 'NONE',  ( 42.74999999999998579, 23.15000000000000568, -13.00000000000000000 ) ) ;
#893 = CARTESIAN_POINT ( 'NONE',  ( 58.85000000000000142, -31.44999999999999929, -11.00000000000000000 ) ) ;
#894 = EDGE_LOOP ( 'NONE', ( #222, #1201, #697, #1954 ) ) ;
#895 = ORIENTED_EDGE ( 'NONE', *, *, #477, .T. ) ;
#896 = DIRECTION ( 'NONE',  ( -1.000000000000000000, 0.000000000000000000, -0.000000000000000000 ) ) ;
#897 = DIRECTION ( 'NONE',  ( -0.000000000000000000, -0.000000000000000000, 1.000000000000000000 ) ) ;
#898 = CARTESIAN_POINT ( 'NONE',  ( 47.24999999999998579, 25.50000000000000711, -11.99999999999999822 ) ) ;
#899 = LINE ( 'NONE', #1160, #659 ) ;
#900 = CIRCLE ( 'NONE', #545, 1.850000000000004530 ) ;
#901 = VERTEX_POINT ( 'NONE', #849 ) ;
#902 = AXIS2_PLACEMENT_3D ( 'NONE', #1315, #76, #1940 ) ;
#903 = EDGE_LOOP ( 'NONE', ( #2036, #1422, #1877, #612 ) ) ;
#904 = ADVANCED_FACE ( 'NONE', ( #1953 ), #540, .F. ) ;
#905 = EDGE_CURVE ( 'NONE', #924, #72, #1179, .T. ) ;
#906 = CARTESIAN_POINT ( 'NONE',  ( 47.24999999999998579, 25.50000000000000711, -13.00000000000000000 ) ) ;
#907 = CARTESIAN_POINT ( 'NONE',  ( 32.05000000000001137, -31.44999999999999929, -12.00000000000000000 ) ) ;
#908 = EDGE_LOOP ( 'NONE', ( #378, #1423, #1211, #1959 ) ) ;
#909 = ORIENTED_EDGE ( 'NONE', *, *, #683, .T. ) ;
#910 = CARTESIAN_POINT ( 'NONE',  ( 26.70000000000000995, 3.500000000000003109, -13.00000000000000000 ) ) ;
#911 = DIRECTION ( 'NONE',  ( -1.000000000000000000, 0.000000000000000000, 0.000000000000000000 ) ) ;
#912 = ORIENTED_EDGE ( 'NONE', *, *, #1040, .F. ) ;
#913 = VERTEX_POINT ( 'NONE', #1500 ) ;
#914 = AXIS2_PLACEMENT_3D ( 'NONE', #898, #1338, #1530 ) ;
#915 = ORIENTED_EDGE ( 'NONE', *, *, #1524, .T. ) ;
#916 = VECTOR ( 'NONE', #1261, 1000.000000000000000 ) ;
#917 = CARTESIAN_POINT ( 'NONE',  ( 54.25000000000000711, -29.64999999999999503, -12.00000000000000000 ) ) ;
#918 = VERTEX_POINT ( 'NONE', #1033 ) ;
#919 = ORIENTED_EDGE ( 'NONE', *, *, #778, .T. ) ;
#920 = CIRCLE ( 'NONE', #1174, 1.350000000000000533 ) ;
#921 = PLANE ( 'NONE',  #1336 ) ;
#922 = CIRCLE ( 'NONE', #1006, 1.649999999999998579 ) ;
#923 = DIRECTION ( 'NONE',  ( -0.000000000000000000, -0.000000000000000000, 1.000000000000000000 ) ) ;
#924 = VERTEX_POINT ( 'NONE', #1811 ) ;
#925 = ORIENTED_EDGE ( 'NONE', *, *, #1848, .F. ) ;
#926 = CARTESIAN_POINT ( 'NONE',  ( 28.60000000000000853, 4.000000000000009770, -11.00000000000000000 ) ) ;
#927 = VERTEX_POINT ( 'NONE', #394 ) ;
#928 = ORIENTED_EDGE ( 'NONE', *, *, #486, .T. ) ;
#929 = LINE ( 'NONE', #1835, #1439 ) ;
#930 = DIRECTION ( 'NONE',  ( -1.000000000000000000, 0.000000000000000000, 0.000000000000000000 ) ) ;
#931 = CYLINDRICAL_SURFACE ( 'NONE', #1279, 1.350000000000004086 ) ;
#932 = CIRCLE ( 'NONE', #32, 2.850000000000005418 ) ;
#933 = ADVANCED_FACE ( 'NONE', ( #2011 ), #111, .F. ) ;
#934 = VERTEX_POINT ( 'NONE', #907 ) ;
#935 = ORIENTED_EDGE ( 'NONE', *, *, #264, .F. ) ;
#936 = CARTESIAN_POINT ( 'NONE',  ( 54.25000000000000711, -29.65000000000001634, -12.00000000000000000 ) ) ;
#937 = VERTEX_POINT ( 'NONE', #1199 ) ;
#938 = LINE ( 'NONE', #1860, #202 ) ;
#939 = LINE ( 'NONE', #1906, #173 ) ;
#940 = CARTESIAN_POINT ( 'NONE',  ( 54.25000000000000711, -29.64999999999999503, -12.00000000000000000 ) ) ;
#941 = ADVANCED_FACE ( 'NONE', ( #1997 ), #577, .F. ) ;
#942 = EDGE_LOOP ( 'NONE', ( #1358, #1847, #402, #122 ) ) ;
#943 = EDGE_CURVE ( 'NONE', #637, #1966, #98, .T. ) ;
#944 = ORIENTED_EDGE ( 'NONE', *, *, #113, .F. ) ;
#945 = DIRECTION ( 'NONE',  ( 0.000000000000000000, 1.000000000000000000, 0.000000000000000000 ) ) ;
#946 = CARTESIAN_POINT ( 'NONE',  ( 62.30000000000001137, -27.55000000000000071, -11.59999999999999964 ) ) ;
#947 = LINE ( 'NONE', #1256, #580 ) ;
#948 = CIRCLE ( 'NONE', #843, 0.2500000000000002220 ) ;
#949 = AXIS2_PLACEMENT_3D ( 'NONE', #1092, #452, #1723 ) ;
#950 = ORIENTED_EDGE ( 'NONE', *, *, #710, .F. ) ;
#951 = LINE ( 'NONE', #28, #1497 ) ;
#952 = CARTESIAN_POINT ( 'NONE',  ( 64.39999999999999147, -28.29999999999999361, -11.00000000000000000 ) ) ;
#953 = DIRECTION ( 'NONE',  ( -1.000000000000000000, 1.087600925377308590E-16, -0.000000000000000000 ) ) ;
#954 = FACE_OUTER_BOUND ( 'NONE', #1747, .T. ) ;
#955 = PRODUCT_DEFINITION ( 'UNKNOWN', '', #207, #1450 ) ;
#956 = ORIENTED_EDGE ( 'NONE', *, *, #1627, .T. ) ;
#957 = EDGE_CURVE ( 'NONE', #421, #1380, #700, .T. ) ;
#958 = CARTESIAN_POINT ( 'NONE',  ( 58.85000000000000142, -31.44999999999999929, -12.00000000000000000 ) ) ;
#959 = STYLED_ITEM ( 'NONE', ( #690 ), #826 ) ;
#960 = CONICAL_SURFACE ( 'NONE', #991, 2.200000000000000622, 0.7853981633974482790 ) ;
#961 = DIRECTION ( 'NONE',  ( -0.000000000000000000, -0.000000000000000000, 1.000000000000000000 ) ) ;
#962 = CARTESIAN_POINT ( 'NONE',  ( 30.40000000000000568, 21.50000000000000711, -11.59999999999999964 ) ) ;
#963 = CARTESIAN_POINT ( 'NONE',  ( 49.44999999999998863, 25.50000000000000711, -13.00000000000000000 ) ) ;
#964 = LINE ( 'NONE', #24, #1381 ) ;
#965 = FACE_OUTER_BOUND ( 'NONE', #1659, .T. ) ;
#966 = UNCERTAINTY_MEASURE_WITH_UNIT (LENGTH_MEASURE( 1.000000000000000082E-05 ), #1137, 'distance_accuracy_value', 'NONE');
#967 = ORIENTED_EDGE ( 'NONE', *, *, #86, .T. ) ;
#968 = VECTOR ( 'NONE', #687, 1000.000000000000114 ) ;
#969 = PLANE ( 'NONE',  #1246 ) ;
#970 = EDGE_CURVE ( 'NONE', #2005, #321, #1226, .T. ) ;
#971 = CARTESIAN_POINT ( 'NONE',  ( 30.40000000000000568, 21.25000000000000711, -11.59999999999999964 ) ) ;
#972 =( NAMED_UNIT ( * ) SI_UNIT ( $, .STERADIAN. ) SOLID_ANGLE_UNIT ( ) );
#973 = PLANE ( 'NONE',  #178 ) ;
#974 = CIRCLE ( 'NONE', #1668, 1.350000000000000533 ) ;
#975 = EDGE_CURVE ( 'NONE', #537, #767, #1831, .T. ) ;
#976 = DIRECTION ( 'NONE',  ( 0.000000000000000000, 0.000000000000000000, 1.000000000000000000 ) ) ;
#977 = LINE ( 'NONE', #1289, #855 ) ;
#978 = EDGE_LOOP ( 'NONE', ( #306, #1972, #771, #1724 ) ) ;
#979 = CARTESIAN_POINT ( 'NONE',  ( 62.55000000000001137, -4.800000000000003375, -11.00000000000000000 ) ) ;
#980 = DIRECTION ( 'NONE',  ( -0.000000000000000000, -0.000000000000000000, -1.000000000000000000 ) ) ;
#981 = DIRECTION ( 'NONE',  ( -0.000000000000000000, -0.000000000000000000, 1.000000000000000000 ) ) ;
#982 = CARTESIAN_POINT ( 'NONE',  ( 63.04999999999998295, 23.35000000000000142, -12.79999999999999361 ) ) ;
#983 = ADVANCED_FACE ( 'NONE', ( #713 ), #1702, .T. ) ;
#984 = CARTESIAN_POINT ( 'NONE',  ( 64.39999999999999147, 22.00000000000000355, -13.00000000000000000 ) ) ;
#985 = PLANE ( 'NONE',  #322 ) ;
#986 = ORIENTED_EDGE ( 'NONE', *, *, #42, .T. ) ;
#987 = EDGE_CURVE ( 'NONE', #114, #1985, #723, .T. ) ;
#988 = CARTESIAN_POINT ( 'NONE',  ( 27.85000000000000497, 3.500000000000003553, -13.00000000000000000 ) ) ;
#989 = LINE ( 'NONE', #1621, #328 ) ;
#990 = CARTESIAN_POINT ( 'NONE',  ( 44.59999999999998721, 25.50000000000000711, -13.00000000000000000 ) ) ;
#991 = AXIS2_PLACEMENT_3D ( 'NONE', #351, #837, #1499 ) ;
#992 = APPLICATION_PROTOCOL_DEFINITION ( 'draft international standard', 'automotive_design', 1998, #478 ) ;
#993 = EDGE_CURVE ( 'NONE', #758, #7, #680, .T. ) ;
#994 = LINE ( 'NONE', #1287, #1635 ) ;
#995 = FACE_OUTER_BOUND ( 'NONE', #1602, .T. ) ;
#996 = ORIENTED_EDGE ( 'NONE', *, *, #1139, .F. ) ;
#997 = EDGE_CURVE ( 'NONE', #937, #1384, #1984, .T. ) ;
#998 = CARTESIAN_POINT ( 'NONE',  ( 32.05000000000001847, -29.64999999999999503, -12.00000000000000000 ) ) ;
#999 = CARTESIAN_POINT ( 'NONE',  ( 47.24999999999998579, 25.50000000000000711, -13.00000000000000000 ) ) ;
#1000 = DIRECTION ( 'NONE',  ( -1.000000000000000000, 1.577021341797101751E-15, 0.000000000000000000 ) ) ;
#1001 = VECTOR ( 'NONE', #398, 1000.000000000000114 ) ;
#1002 = AXIS2_PLACEMENT_3D ( 'NONE', #29, #1743, #179 ) ;
#1003 = LINE ( 'NONE', #182, #1711 ) ;
#1004 = DIRECTION ( 'NONE',  ( 0.000000000000000000, 0.000000000000000000, 1.000000000000000000 ) ) ;
#1005 = ORIENTED_EDGE ( 'NONE', *, *, #1411, .T. ) ;
#1006 = AXIS2_PLACEMENT_3D ( 'NONE', #1184, #1957, #1816 ) ;
#1007 = ADVANCED_FACE ( 'NONE', ( #1022 ), #1313, .F. ) ;
#1008 = LINE ( 'NONE', #1498, #1414 ) ;
#1009 = DIRECTION ( 'NONE',  ( 0.000000000000000000, 0.000000000000000000, -1.000000000000000000 ) ) ;
#1010 = FACE_OUTER_BOUND ( 'NONE', #66, .T. ) ;
#1011 = EDGE_CURVE ( 'NONE', #714, #263, #1356, .T. ) ;
#1012 = ORIENTED_EDGE ( 'NONE', *, *, #315, .F. ) ;
#1013 = ORIENTED_EDGE ( 'NONE', *, *, #1626, .F. ) ;
#1014 = DIRECTION ( 'NONE',  ( 1.000000000000000000, 0.000000000000000000, 0.000000000000000000 ) ) ;
#1015 = DIRECTION ( 'NONE',  ( 1.000000000000000000, 0.000000000000000000, 0.000000000000000000 ) ) ;
#1016 = CARTESIAN_POINT ( 'NONE',  ( 36.64999999999999858, -31.44999999999999929, -12.00000000000000000 ) ) ;
#1017 = ORIENTED_EDGE ( 'NONE', *, *, #1239, .T. ) ;
#1018 = ORIENTED_EDGE ( 'NONE', *, *, #1411, .F. ) ;
#1019 = DIRECTION ( 'NONE',  ( 0.000000000000000000, -0.000000000000000000, -1.000000000000000000 ) ) ;
#1020 = VECTOR ( 'NONE', #515, 1000.000000000000000 ) ;
#1021 = PLANE ( 'NONE',  #1101 ) ;
#1022 = FACE_OUTER_BOUND ( 'NONE', #1704, .T. ) ;
#1023 = ORIENTED_EDGE ( 'NONE', *, *, #1221, .T. ) ;
#1024 = ORIENTED_EDGE ( 'NONE', *, *, #465, .T. ) ;
#1025 = CARTESIAN_POINT ( 'NONE',  ( 32.05000000000001137, -31.44999999999999929, -12.00000000000000000 ) ) ;
#1026 = CARTESIAN_POINT ( 'NONE',  ( 54.25000000000000711, -31.44999999999999929, -11.00000000000000000 ) ) ;
#1027 = CARTESIAN_POINT ( 'NONE',  ( 28.60000000000000853, -27.55000000000000426, -11.59999999999999964 ) ) ;
#1028 = ORIENTED_EDGE ( 'NONE', *, *, #610, .F. ) ;
#1029 = CIRCLE ( 'NONE', #494, 1.350000000000004086 ) ;
#1030 = ORIENTED_EDGE ( 'NONE', *, *, #383, .F. ) ;
#1031 = LINE ( 'NONE', #1961, #776 ) ;
#1032 = LINE ( 'NONE', #1830, #1237 ) ;
#1033 = CARTESIAN_POINT ( 'NONE',  ( 63.55000000000001137, -4.800000000000003375, -11.59999999999999964 ) ) ;
#1034 = VERTEX_POINT ( 'NONE', #748 ) ;
#1035 = VECTOR ( 'NONE', #194, 1000.000000000000000 ) ;
#1036 = EDGE_CURVE ( 'NONE', #864, #2027, #1975, .T. ) ;
#1037 = EDGE_LOOP ( 'NONE', ( #130, #1958, #2026, #1895, #1819, #1227, #1405, #877, #395, #459, #281, #65, #156, #331, #1233, #1533, #1090, #1834 ) ) ;
#1038 = DIRECTION ( 'NONE',  ( -0.7071067811865474617, 0.000000000000000000, 0.7071067811865474617 ) ) ;
#1039 = CARTESIAN_POINT ( 'NONE',  ( 32.05000000000001847, -29.64999999999999503, -12.00000000000000000 ) ) ;
#1040 = EDGE_CURVE ( 'NONE', #833, #703, #89, .T. ) ;
#1041 = CARTESIAN_POINT ( 'NONE',  ( 27.94999999999999929, 4.850000000000002309, -11.00000000000000000 ) ) ;
#1042 = VERTEX_POINT ( 'NONE', #893 ) ;
#1043 = AXIS2_PLACEMENT_3D ( 'NONE', #380, #1950, #1019 ) ;
#1044 = ORIENTED_EDGE ( 'NONE', *, *, #1588, .T. ) ;
#1045 = AXIS2_PLACEMENT_3D ( 'NONE', #1443, #819, #1297 ) ;
#1046 = CARTESIAN_POINT ( 'NONE',  ( 63.04999999999998295, -29.64999999999999503, -12.79999999999999361 ) ) ;
#1047 = CARTESIAN_POINT ( 'NONE',  ( 51.74999999999999289, 25.00000000000000711, -13.00000000000000000 ) ) ;
#1048 = ORIENTED_EDGE ( 'NONE', *, *, #1772, .F. ) ;
#1049 = ORIENTED_EDGE ( 'NONE', *, *, #797, .T. ) ;
#1050 = ORIENTED_EDGE ( 'NONE', *, *, #671, .T. ) ;
#1051 = VECTOR ( 'NONE', #759, 1000.000000000000000 ) ;
#1052 = EDGE_CURVE ( 'NONE', #532, #1865, #299, .T. ) ;
#1053 = FACE_OUTER_BOUND ( 'NONE', #1037, .T. ) ;
#1054 = LINE ( 'NONE', #1193, #1326 ) ;
#1055 = DIRECTION ( 'NONE',  ( -0.000000000000000000, -0.000000000000000000, 1.000000000000000000 ) ) ;
#1056 = EDGE_LOOP ( 'NONE', ( #1502, #1012, #2017, #609 ) ) ;
#1057 = EDGE_CURVE ( 'NONE', #1988, #1099, #599, .T. ) ;
#1058 = ORIENTED_EDGE ( 'NONE', *, *, #957, .T. ) ;
#1059 = EDGE_CURVE ( 'NONE', #1365, #1867, #144, .T. ) ;
#1060 = ORIENTED_EDGE ( 'NONE', *, *, #349, .T. ) ;
#1061 = DIRECTION ( 'NONE',  ( 0.000000000000000000, 0.000000000000000000, 1.000000000000000000 ) ) ;
#1062 = DIRECTION ( 'NONE',  ( -0.000000000000000000, -0.000000000000000000, 1.000000000000000000 ) ) ;
#1063 = ORIENTED_EDGE ( 'NONE', *, *, #561, .T. ) ;
#1064 = EDGE_LOOP ( 'NONE', ( #1569, #769, #731, #1186 ) ) ;
#1065 = AXIS2_PLACEMENT_3D ( 'NONE', #792, #1890, #930 ) ;
#1066 = CARTESIAN_POINT ( 'NONE',  ( 36.64999999999999858, -31.44999999999999929, -11.00000000000000000 ) ) ;
#1067 = DIRECTION ( 'NONE',  ( -1.000000000000000000, 0.000000000000000000, 0.000000000000000000 ) ) ;
#1068 = CARTESIAN_POINT ( 'NONE',  ( 62.55000000000001137, -4.800000000000003375, -11.00000000000000000 ) ) ;
#1069 = ORIENTED_EDGE ( 'NONE', *, *, #1772, .T. ) ;
#1070 = VECTOR ( 'NONE', #1978, 1000.000000000000000 ) ;
#1071 = EDGE_LOOP ( 'NONE', ( #1196, #1335, #879, #2012 ) ) ;
#1072 = ADVANCED_FACE ( 'NONE', ( #1403 ), #441, .T. ) ;
#1073 = DIRECTION ( 'NONE',  ( -0.000000000000000000, -0.000000000000000000, -1.000000000000000000 ) ) ;
#1074 = ORIENTED_EDGE ( 'NONE', *, *, #608, .F. ) ;
#1075 = EDGE_LOOP ( 'NONE', ( #1325, #1739, #254, #1576 ) ) ;
#1076 = DIRECTION ( 'NONE',  ( -0.7071067811865474617, 0.000000000000000000, -0.7071067811865474617 ) ) ;
#1077 = CARTESIAN_POINT ( 'NONE',  ( 30.15000000000000568, 5.000000000000009770, -11.00000000000000000 ) ) ;
#1078 = ORIENTED_EDGE ( 'NONE', *, *, #264, .T. ) ;
#1079 = EDGE_LOOP ( 'NONE', ( #50, #749, #255, #2031 ) ) ;
#1080 = VECTOR ( 'NONE', #293, 1000.000000000000000 ) ;
#1081 = EDGE_CURVE ( 'NONE', #263, #114, #611, .T. ) ;
#1082 = CARTESIAN_POINT ( 'NONE',  ( 27.85000000000000497, 23.15000000000000213, -13.00000000000000000 ) ) ;
#1083 = ORIENTED_EDGE ( 'NONE', *, *, #1489, .F. ) ;
#1084 = EDGE_LOOP ( 'NONE', ( #1886, #586, #1023, #1397 ) ) ;
#1085 = EDGE_CURVE ( 'NONE', #1888, #927, #1557, .T. ) ;
#1086 = AXIS2_PLACEMENT_3D ( 'NONE', #424, #1067, #11 ) ;
#1087 = CARTESIAN_POINT ( 'NONE',  ( 46.04999999999999005, 25.50000000000000711, -11.99999999999999822 ) ) ;
#1088 = CARTESIAN_POINT ( 'NONE',  ( 27.85000000000000142, -28.29999999999999005, -13.00000000000000000 ) ) ;
#1089 = DIRECTION ( 'NONE',  ( -0.000000000000000000, -0.000000000000000000, 1.000000000000000000 ) ) ;
#1090 = ORIENTED_EDGE ( 'NONE', *, *, #1738, .T. ) ;
#1091 = ORIENTED_EDGE ( 'NONE', *, *, #802, .F. ) ;
#1092 = CARTESIAN_POINT ( 'NONE',  ( 47.24999999999998579, 25.50000000000000711, -11.00000000000000000 ) ) ;
#1093 = EDGE_CURVE ( 'NONE', #927, #1365, #1713, .T. ) ;
#1094 = ORIENTED_EDGE ( 'NONE', *, *, #975, .F. ) ;
#1095 = DIRECTION ( 'NONE',  ( -1.000000000000000000, 0.000000000000000000, 0.000000000000000000 ) ) ;
#1096 = LINE ( 'NONE', #294, #1945 ) ;
#1097 = CARTESIAN_POINT ( 'NONE',  ( 29.15000000000000568, 5.000000000000009770, -11.59999999999999964 ) ) ;
#1098 = EDGE_CURVE ( 'NONE', #1342, #1532, #1638, .T. ) ;
#1099 = VERTEX_POINT ( 'NONE', #936 ) ;
#1100 = ORIENTED_EDGE ( 'NONE', *, *, #158, .F. ) ;
#1101 = AXIS2_PLACEMENT_3D ( 'NONE', #562, #1198, #1061 ) ;
#1102 = CARTESIAN_POINT ( 'NONE',  ( 50.09999999999999432, 25.50000000000000711, -12.79999999999999361 ) ) ;
#1103 = LINE ( 'NONE', #1427, #161 ) ;
#1104 = DIRECTION ( 'NONE',  ( -3.854941057726233167E-15, 1.000000000000000000, 0.000000000000000000 ) ) ;
#1105 = VERTEX_POINT ( 'NONE', #1568 ) ;
#1106 = VERTEX_POINT ( 'NONE', #1240 ) ;
#1107 = VECTOR ( 'NONE', #514, 1000.000000000000000 ) ;
#1108 = VECTOR ( 'NONE', #471, 1000.000000000000000 ) ;
#1109 = DIRECTION ( 'NONE',  ( 0.000000000000000000, -1.000000000000000000, 0.000000000000000000 ) ) ;
#1110 = CARTESIAN_POINT ( 'NONE',  ( 30.95000000000000284, 22.00000000000000711, -12.79999999999999361 ) ) ;
#1111 = CYLINDRICAL_SURFACE ( 'NONE', #1689, 1.350000000000000533 ) ;
#1112 = CARTESIAN_POINT ( 'NONE',  ( 26.70000000000000995, 3.500000000000003109, -13.00000000000000000 ) ) ;
#1113 = VECTOR ( 'NONE', #190, 1000.000000000000000 ) ;
#1114 = VECTOR ( 'NONE', #133, 1000.000000000000000 ) ;
#1115 = EDGE_CURVE ( 'NONE', #2013, #2022, #779, .T. ) ;
#1116 = ORIENTED_EDGE ( 'NONE', *, *, #489, .T. ) ;
#1117 = EDGE_CURVE ( 'NONE', #1544, #1994, #2039, .T. ) ;
#1118 = DIRECTION ( 'NONE',  ( -0.000000000000000000, -0.000000000000000000, 1.000000000000000000 ) ) ;
#1119 = FACE_OUTER_BOUND ( 'NONE', #1560, .T. ) ;
#1120 = FACE_OUTER_BOUND ( 'NONE', #134, .T. ) ;
#1121 = DIRECTION ( 'NONE',  ( -1.000000000000000000, 0.000000000000000000, 0.000000000000000000 ) ) ;
#1122 = PLANE ( 'NONE',  #386 ) ;
#1123 = ORIENTED_EDGE ( 'NONE', *, *, #1436, .T. ) ;
#1124 = EDGE_CURVE ( 'NONE', #1105, #913, #510, .T. ) ;
#1125 = CARTESIAN_POINT ( 'NONE',  ( 30.95000000000000284, 23.35000000000000497, -12.79999999999999361 ) ) ;
#1126 = VECTOR ( 'NONE', #1821, 1000.000000000000000 ) ;
#1127 = PLANE ( 'NONE',  #1795 ) ;
#1128 = FILL_AREA_STYLE ('',( #838 ) ) ;
#1129 = CARTESIAN_POINT ( 'NONE',  ( 58.85000000000000142, -29.65000000000001990, -12.00000000000000000 ) ) ;
#1130 =( NAMED_UNIT ( * ) SI_UNIT ( $, .STERADIAN. ) SOLID_ANGLE_UNIT ( ) );
#1131 = PLANE ( 'NONE',  #308 ) ;
#1132 = DIRECTION ( 'NONE',  ( 1.091021054073463771E-16, 1.000000000000000000, 0.000000000000000000 ) ) ;
#1133 = ORIENTED_EDGE ( 'NONE', *, *, #466, .F. ) ;
#1134 = VECTOR ( 'NONE', #660, 1000.000000000000000 ) ;
#1135 = DIRECTION ( 'NONE',  ( 0.000000000000000000, -1.000000000000000000, 0.000000000000000000 ) ) ;
#1136 = LINE ( 'NONE', #799, #1630 ) ;
#1137 =( LENGTH_UNIT ( ) NAMED_UNIT ( * ) SI_UNIT ( .MILLI., .METRE. ) );
#1138 = AXIS2_PLACEMENT_3D ( 'NONE', #318, #662, #783 ) ;
#1139 = EDGE_CURVE ( 'NONE', #1532, #1342, #1746, .T. ) ;
#1140 = DIRECTION ( 'NONE',  ( -0.000000000000000000, -1.000000000000000000, -0.000000000000000000 ) ) ;
#1141 = DIRECTION ( 'NONE',  ( -0.000000000000000000, -0.000000000000000000, -1.000000000000000000 ) ) ;
#1142 = EDGE_LOOP ( 'NONE', ( #1418, #468, #1894, #600 ) ) ;
#1143 = LINE ( 'NONE', #1453, #1134 ) ;
#1144 = ADVANCED_FACE ( 'NONE', ( #1571 ), #310, .F. ) ;
#1145 = CARTESIAN_POINT ( 'NONE',  ( 62.55000000000001137, 21.25000000000000355, -11.00000000000000000 ) ) ;
#1146 = CARTESIAN_POINT ( 'NONE',  ( 27.85000000000000497, 3.500000000000003553, -11.00000000000000000 ) ) ;
#1147 = EDGE_CURVE ( 'NONE', #1846, #1252, #1096, .T. ) ;
#1148 = CARTESIAN_POINT ( 'NONE',  ( 27.85000000000000497, 3.500000000000003553, -11.00000000000000000 ) ) ;
#1149 = DIRECTION ( 'NONE',  ( 1.000000000000000000, -8.673617379884027583E-16, 0.000000000000000000 ) ) ;
#1150 = VERTEX_POINT ( 'NONE', #170 ) ;
#1151 = EDGE_CURVE ( 'NONE', #72, #732, #1883, .T. ) ;
#1152 = CIRCLE ( 'NONE', #1065, 2.649999999999999467 ) ;
#1153 = CARTESIAN_POINT ( 'NONE',  ( 31.85000000000000497, -29.64999999999999503, -11.00000000000000000 ) ) ;
#1154 = DIRECTION ( 'NONE',  ( -1.000000000000000000, 0.000000000000000000, 0.000000000000000000 ) ) ;
#1155 = FACE_OUTER_BOUND ( 'NONE', #1257, .T. ) ;
#1156 = COLOUR_RGB ( '',0.7921568627450980005, 0.8196078431372548767, 0.9333333333333333481 ) ;
#1157 = VECTOR ( 'NONE', #1540, 1000.000000000000000 ) ;
#1158 = DIRECTION ( 'NONE',  ( 0.000000000000000000, 0.000000000000000000, 1.000000000000000000 ) ) ;
#1159 = ADVANCED_FACE ( 'NONE', ( #633 ), #1732, .F. ) ;
#1160 = CARTESIAN_POINT ( 'NONE',  ( 27.85000000000000142, -29.64999999999999147, -13.00000000000000000 ) ) ;
#1161 = ORIENTED_EDGE ( 'NONE', *, *, #1769, .F. ) ;
#1162 = ADVANCED_FACE ( 'NONE', ( #1120 ), #1111, .T. ) ;
#1163 = DIRECTION ( 'NONE',  ( -1.000000000000000000, 8.673617379884027583E-16, 0.000000000000000000 ) ) ;
#1164 = DIRECTION ( 'NONE',  ( -1.000000000000000000, 0.000000000000000000, 0.000000000000000000 ) ) ;
#1165 = CYLINDRICAL_SURFACE ( 'NONE', #693, 1.350000000000004086 ) ;
#1166 = VECTOR ( 'NONE', #1615, 1000.000000000000000 ) ;
#1167 = VERTEX_POINT ( 'NONE', #1269 ) ;
#1168 = VECTOR ( 'NONE', #1076, 1000.000000000000114 ) ;
#1169 = FACE_BOUND ( 'NONE', #1839, .T. ) ;
#1170 = DIRECTION ( 'NONE',  ( 1.000000000000000000, 0.000000000000000000, 0.000000000000000000 ) ) ;
#1171 = ORIENTED_EDGE ( 'NONE', *, *, #1584, .F. ) ;
#1172 = ORIENTED_EDGE ( 'NONE', *, *, #630, .F. ) ;
#1173 = EDGE_CURVE ( 'NONE', #884, #72, #1152, .T. ) ;
#1174 = AXIS2_PLACEMENT_3D ( 'NONE', #642, #1907, #1762 ) ;
#1175 = VECTOR ( 'NONE', #1457, 1000.000000000000000 ) ;
#1176 = DIRECTION ( 'NONE',  ( 0.000000000000000000, 0.000000000000000000, -1.000000000000000000 ) ) ;
#1177 = VECTOR ( 'NONE', #588, 1000.000000000000000 ) ;
#1178 = FACE_OUTER_BOUND ( 'NONE', #566, .T. ) ;
#1179 = LINE ( 'NONE', #278, #1715 ) ;
#1180 = ORIENTED_EDGE ( 'NONE', *, *, #880, .F. ) ;
#1181 = EDGE_LOOP ( 'NONE', ( #444, #1404, #450, #745 ) ) ;
#1182 = DIRECTION ( 'NONE',  ( -1.000000000000000000, 0.000000000000000000, 0.000000000000000000 ) ) ;
#1183 = LINE ( 'NONE', #412, #1001 ) ;
#1184 = CARTESIAN_POINT ( 'NONE',  ( 42.74999999999998579, 25.00000000000000711, -11.00000000000000000 ) ) ;
#1185 = VERTEX_POINT ( 'NONE', #1562 ) ;
#1186 = ORIENTED_EDGE ( 'NONE', *, *, #525, .T. ) ;
#1187 = EDGE_CURVE ( 'NONE', #2022, #458, #626, .T. ) ;
#1188 = CARTESIAN_POINT ( 'NONE',  ( 51.74999999999999289, 23.35000000000000497, -12.79999999999999361 ) ) ;
#1189 = DIRECTION ( 'NONE',  ( 1.000000000000000000, 0.000000000000000000, 0.000000000000000000 ) ) ;
#1190 = DIRECTION ( 'NONE',  ( -0.000000000000000000, -0.000000000000000000, 1.000000000000000000 ) ) ;
#1191 = EDGE_CURVE ( 'NONE', #1452, #1879, #1103, .T. ) ;
#1192 = ORIENTED_EDGE ( 'NONE', *, *, #1446, .F. ) ;
#1193 = CARTESIAN_POINT ( 'NONE',  ( 30.95000000000000284, 23.35000000000000497, -12.79999999999999361 ) ) ;
#1194 = LINE ( 'NONE', #1039, #574 ) ;
#1195 = LINE ( 'NONE', #1363, #649 ) ;
#1196 = ORIENTED_EDGE ( 'NONE', *, *, #1235, .F. ) ;
#1197 = ORIENTED_EDGE ( 'NONE', *, *, #503, .F. ) ;
#1198 = DIRECTION ( 'NONE',  ( -1.000000000000000000, 0.000000000000000000, 0.000000000000000000 ) ) ;
#1199 = CARTESIAN_POINT ( 'NONE',  ( 29.80000000000000782, 22.00000000000000711, -13.00000000000000000 ) ) ;
#1200 = ORIENTED_EDGE ( 'NONE', *, *, #1947, .F. ) ;
#1201 = ORIENTED_EDGE ( 'NONE', *, *, #683, .F. ) ;
#1202 = ORIENTED_EDGE ( 'NONE', *, *, #1976, .T. ) ;
#1203 = EDGE_CURVE ( 'NONE', #1879, #1401, #1320, .T. ) ;
#1204 = FACE_OUTER_BOUND ( 'NONE', #348, .T. ) ;
#1205 = LINE ( 'NONE', #583, #678 ) ;
#1206 = AXIS2_PLACEMENT_3D ( 'NONE', #1968, #1493, #1671 ) ;
#1207 = EDGE_CURVE ( 'NONE', #555, #1880, #137, .T. ) ;
#1208 = CARTESIAN_POINT ( 'NONE',  ( 62.30000000000001137, 21.25000000000000355, -11.59999999999999964 ) ) ;
#1209 = CARTESIAN_POINT ( 'NONE',  ( 27.85000000000000497, 4.850000000000004086, -12.79999999999999361 ) ) ;
#1210 = EDGE_LOOP ( 'NONE', ( #543, #889, #1248, #236, #885, #85, #1538, #1870, #1197, #1312, #1514, #391, #275, #107, #1549, #417 ) ) ;
#1211 = ORIENTED_EDGE ( 'NONE', *, *, #595, .T. ) ;
#1212 = VECTOR ( 'NONE', #1278, 1000.000000000000000 ) ;
#1213 = FACE_OUTER_BOUND ( 'NONE', #1716, .T. ) ;
#1214 = DIRECTION ( 'NONE',  ( -8.673617379884388882E-15, -1.000000000000000000, 0.000000000000000000 ) ) ;
#1215 = VERTEX_POINT ( 'NONE', #302 ) ;
#1216 = EDGE_LOOP ( 'NONE', ( #259, #1094, #813, #1058 ) ) ;
#1217 = EDGE_LOOP ( 'NONE', ( #950, #715, #935, #1823 ) ) ;
#1218 = VECTOR ( 'NONE', #1347, 1000.000000000000000 ) ;
#1219 = DIRECTION ( 'NONE',  ( -0.000000000000000000, -0.000000000000000000, 1.000000000000000000 ) ) ;
#1220 = FACE_OUTER_BOUND ( 'NONE', #289, .T. ) ;
#1221 = EDGE_CURVE ( 'NONE', #629, #121, #325, .T. ) ;
#1222 = DIRECTION ( 'NONE',  ( 1.000000000000000000, 0.000000000000000000, 0.000000000000000000 ) ) ;
#1223 = EDGE_CURVE ( 'NONE', #1282, #1167, #1901, .T. ) ;
#1224 = ORIENTED_EDGE ( 'NONE', *, *, #987, .F. ) ;
#1225 = ORIENTED_EDGE ( 'NONE', *, *, #997, .T. ) ;
#1226 = LINE ( 'NONE', #1844, #1806 ) ;
#1227 = ORIENTED_EDGE ( 'NONE', *, *, #1173, .T. ) ;
#1228 = AXIS2_PLACEMENT_3D ( 'NONE', #1352, #1507, #1222 ) ;
#1229 = VECTOR ( 'NONE', #1318, 1000.000000000000000 ) ;
#1230 = EDGE_LOOP ( 'NONE', ( #756, #26, #1665, #384 ) ) ;
#1231 = FACE_OUTER_BOUND ( 'NONE', #1799, .T. ) ;
#1232 = DIRECTION ( 'NONE',  ( 1.000000000000000000, 0.000000000000000000, 0.000000000000000000 ) ) ;
#1233 = ORIENTED_EDGE ( 'NONE', *, *, #304, .T. ) ;
#1234 = AXIS2_PLACEMENT_3D ( 'NONE', #818, #1455, #653 ) ;
#1235 = EDGE_CURVE ( 'NONE', #1518, #390, #939, .T. ) ;
#1236 = VERTEX_POINT ( 'NONE', #604 ) ;
#1237 = VECTOR ( 'NONE', #1983, 1000.000000000000000 ) ;
#1238 = EDGE_LOOP ( 'NONE', ( #279, #2009, #176, #2046 ) ) ;
#1239 = EDGE_CURVE ( 'NONE', #1496, #1242, #800, .T. ) ;
#1240 = CARTESIAN_POINT ( 'NONE',  ( 62.30000000000001137, 21.50000000000000355, -11.00000000000000000 ) ) ;
#1241 = ORIENTED_EDGE ( 'NONE', *, *, #1085, .F. ) ;
#1242 = VERTEX_POINT ( 'NONE', #10 ) ;
#1243 = DIRECTION ( 'NONE',  ( -0.000000000000000000, -0.000000000000000000, 1.000000000000000000 ) ) ;
#1244 = CARTESIAN_POINT ( 'NONE',  ( 27.85000000000000497, 3.500000000000003553, -13.00000000000000000 ) ) ;
#1245 = CARTESIAN_POINT ( 'NONE',  ( 28.35000000000000853, 3.750000000000009326, -11.59999999999999964 ) ) ;
#1246 = AXIS2_PLACEMENT_3D ( 'NONE', #816, #1760, #8 ) ;
#1247 = ORIENTED_EDGE ( 'NONE', *, *, #825, .F. ) ;
#1248 = ORIENTED_EDGE ( 'NONE', *, *, #622, .F. ) ;
#1249 = AXIS2_PLACEMENT_3D ( 'NONE', #1912, #817, #162 ) ;
#1250 = DIRECTION ( 'NONE',  ( 0.000000000000000000, -0.7071067811865474617, -0.7071067811865474617 ) ) ;
#1251 = VERTEX_POINT ( 'NONE', #1277 ) ;
#1252 = VERTEX_POINT ( 'NONE', #482 ) ;
#1253 = EDGE_CURVE ( 'NONE', #602, #614, #1407, .T. ) ;
#1254 = DIRECTION ( 'NONE',  ( -0.000000000000000000, -0.000000000000000000, -1.000000000000000000 ) ) ;
#1255 = DIRECTION ( 'NONE',  ( 0.000000000000000000, 0.000000000000000000, -1.000000000000000000 ) ) ;
#1256 = CARTESIAN_POINT ( 'NONE',  ( 44.59999999999998721, 25.50000000000000711, -13.00000000000000000 ) ) ;
#1257 = EDGE_LOOP ( 'NONE', ( #1513, #1030, #1161, #434 ) ) ;
#1258 = ORIENTED_EDGE ( 'NONE', *, *, #561, .F. ) ;
#1259 = DIRECTION ( 'NONE',  ( -1.000000000000000000, 1.577021341797101948E-15, -0.000000000000000000 ) ) ;
#1260 = VERTEX_POINT ( 'NONE', #1087 ) ;
#1261 = DIRECTION ( 'NONE',  ( -0.000000000000000000, -0.000000000000000000, 1.000000000000000000 ) ) ;
#1262 = DIRECTION ( 'NONE',  ( -1.000000000000000000, 0.000000000000000000, 0.000000000000000000 ) ) ;
#1263 = ADVANCED_FACE ( 'NONE', ( #1398 ), #1570, .T. ) ;
#1264 = CARTESIAN_POINT ( 'NONE',  ( 63.04999999999998295, -28.29999999999999361, -13.00000000000000000 ) ) ;
#1265 = ORIENTED_EDGE ( 'NONE', *, *, #83, .F. ) ;
#1266 = VERTEX_POINT ( 'NONE', #1989 ) ;
#1267 = AXIS2_PLACEMENT_3D ( 'NONE', #1777, #1952, #1963 ) ;
#1268 = CARTESIAN_POINT ( 'NONE',  ( 46.04999999999999005, 25.50000000000000711, -11.00000000000000000 ) ) ;
#1269 = CARTESIAN_POINT ( 'NONE',  ( 27.85000000000000142, 4.649999999999998579, -13.00000000000000000 ) ) ;
#1270 = PLANE ( 'NONE',  #647 ) ;
#1271 = EDGE_CURVE ( 'NONE', #1985, #614, #536, .T. ) ;
#1272 = ORIENTED_EDGE ( 'NONE', *, *, #1391, .T. ) ;
#1273 = VECTOR ( 'NONE', #1826, 1000.000000000000114 ) ;
#1274 = CIRCLE ( 'NONE', #339, 1.350000000000000533 ) ;
#1275 = FACE_OUTER_BOUND ( 'NONE', #1574, .T. ) ;
#1276 = CARTESIAN_POINT ( 'NONE',  ( 36.64999999999999858, -29.64999999999999503, -11.00000000000000000 ) ) ;
#1277 = CARTESIAN_POINT ( 'NONE',  ( 63.04999999999998295, -29.44999999999998863, -13.00000000000000000 ) ) ;
#1278 = DIRECTION ( 'NONE',  ( 0.000000000000000000, -0.7071067811865414665, -0.7071067811865536790 ) ) ;
#1279 = AXIS2_PLACEMENT_3D ( 'NONE', #1264, #774, #1884 ) ;
#1280 = VECTOR ( 'NONE', #534, 1000.000000000000000 ) ;
#1281 = CARTESIAN_POINT ( 'NONE',  ( 30.15000000000000568, 21.25000000000000711, -11.59999999999999964 ) ) ;
#1282 = VERTEX_POINT ( 'NONE', #910 ) ;
#1283 = PLANE ( 'NONE',  #1599 ) ;
#1284 = DIRECTION ( 'NONE',  ( 0.000000000000000000, 0.000000000000000000, 1.000000000000000000 ) ) ;
#1285 = CARTESIAN_POINT ( 'NONE',  ( 29.80000000000000782, 22.00000000000000711, -13.00000000000000000 ) ) ;
#1286 = LINE ( 'NONE', #493, #1710 ) ;
#1287 = CARTESIAN_POINT ( 'NONE',  ( 28.35000000000000853, -27.55000000000000426, -11.00000000000000000 ) ) ;
#1288 = VECTOR ( 'NONE', #657, 1000.000000000000000 ) ;
#1289 = CARTESIAN_POINT ( 'NONE',  ( 26.70000000000000995, 3.500000000000003109, -13.00000000000000000 ) ) ;
#1290 = ORIENTED_EDGE ( 'NONE', *, *, #1098, .F. ) ;
#1291 = PRODUCT ( 'BBA_battery_cover', 'BBA_battery_cover', '', ( #520 ) ) ;
#1292 = LINE ( 'NONE', #498, #2029 ) ;
#1293 = EDGE_CURVE ( 'NONE', #1666, #1585, #780, .T. ) ;
#1294 = AXIS2_PLACEMENT_3D ( 'NONE', #999, #672, #1164 ) ;
#1295 = CARTESIAN_POINT ( 'NONE',  ( 63.55000000000001137, -4.800000000000003375, -11.00000000000000000 ) ) ;
#1296 = DIRECTION ( 'NONE',  ( -0.000000000000000000, -0.000000000000000000, 1.000000000000000000 ) ) ;
#1297 = DIRECTION ( 'NONE',  ( -1.000000000000000000, 0.000000000000000000, 0.000000000000000000 ) ) ;
#1298 = CARTESIAN_POINT ( 'NONE',  ( 62.55000000000001137, 21.25000000000000355, -11.59999999999999964 ) ) ;
#1299 = LINE ( 'NONE', #645, #132 ) ;
#1300 = ORIENTED_EDGE ( 'NONE', *, *, #1783, .T. ) ;
#1301 = ADVANCED_FACE ( 'NONE', ( #1231 ), #2000, .F. ) ;
#1302 = CARTESIAN_POINT ( 'NONE',  ( 58.85000000000000142, -29.65000000000001990, -11.00000000000000000 ) ) ;
#1303 = EDGE_CURVE ( 'NONE', #1994, #1865, #938, .T. ) ;
#1304 = FACE_OUTER_BOUND ( 'NONE', #1056, .T. ) ;
#1305 = CARTESIAN_POINT ( 'NONE',  ( 27.85000000000000142, -28.29999999999999005, -13.00000000000000000 ) ) ;
#1306 = VECTOR ( 'NONE', #1163, 1000.000000000000000 ) ;
#1307 = ADVANCED_FACE ( 'NONE', ( #1849 ), #567, .T. ) ;
#1308 = APPLICATION_PROTOCOL_DEFINITION ( 'draft international standard', 'automotive_design', 1998, #620 ) ;
#1309 = DIRECTION ( 'NONE',  ( 1.000000000000000000, 0.000000000000000000, 0.000000000000000000 ) ) ;
#1310 =( GEOMETRIC_REPRESENTATION_CONTEXT ( 3 ) GLOBAL_UNCERTAINTY_ASSIGNED_CONTEXT ( ( #175 ) ) GLOBAL_UNIT_ASSIGNED_CONTEXT ( ( #1771, #513, #1130 ) ) REPRESENTATION_CONTEXT ( 'NONE', 'WORKASPACE' ) );
#1311 = LINE ( 'NONE', #347, #218 ) ;
#1312 = ORIENTED_EDGE ( 'NONE', *, *, #1588, .F. ) ;
#1313 = CONICAL_SURFACE ( 'NONE', #1842, 1.850000000000004530, 0.7853981633974526089 ) ;
#1314 = FACE_OUTER_BOUND ( 'NONE', #597, .T. ) ;
#1315 = CARTESIAN_POINT ( 'NONE',  ( 27.85000000000001208, 4.649999999999998579, -13.00000000000000000 ) ) ;
#1316 = DIRECTION ( 'NONE',  ( 1.000000000000000000, 0.000000000000000000, 0.000000000000000000 ) ) ;
#1317 = LINE ( 'NONE', #692, #1375 ) ;
#1318 = DIRECTION ( 'NONE',  ( 0.000000000000000000, -1.000000000000000000, 0.000000000000000000 ) ) ;
#1319 = ORIENTED_EDGE ( 'NONE', *, *, #622, .T. ) ;
#1320 = CIRCLE ( 'NONE', #426, 0.2500000000000002220 ) ;
#1321 = DIRECTION ( 'NONE',  ( 0.000000000000000000, -0.7071067811865414665, -0.7071067811865536790 ) ) ;
#1322 = CARTESIAN_POINT ( 'NONE',  ( 62.30000000000001137, 21.25000000000000355, -11.00000000000000000 ) ) ;
#1323 = CARTESIAN_POINT ( 'NONE',  ( 51.74999999999999289, 25.00000000000000711, -13.00000000000000000 ) ) ;
#1324 = CONICAL_SURFACE ( 'NONE', #165, 1.149999999999994804, 0.7853981633974482790 ) ;
#1325 = ORIENTED_EDGE ( 'NONE', *, *, #1221, .F. ) ;
#1326 = VECTOR ( 'NONE', #1655, 1000.000000000000114 ) ;
#1327 = EDGE_CURVE ( 'NONE', #555, #1106, #2003, .T. ) ;
#1328 = DIRECTION ( 'NONE',  ( -1.000000000000000000, 8.673617379884027583E-16, 0.000000000000000000 ) ) ;
#1329 = DIRECTION ( 'NONE',  ( -1.000000000000000000, 8.673617379884027583E-16, 0.000000000000000000 ) ) ;
#1330 = EDGE_LOOP ( 'NONE', ( #1044, #1832, #1392, #217 ) ) ;
#1331 = ORIENTED_EDGE ( 'NONE', *, *, #1187, .T. ) ;
#1332 = CARTESIAN_POINT ( 'NONE',  ( 28.60000000000000853, 3.750000000000009326, -11.59999999999999964 ) ) ;
#1333 = CARTESIAN_POINT ( 'NONE',  ( 29.60000000000000142, 22.00000000000000711, -11.00000000000000000 ) ) ;
#1334 = CARTESIAN_POINT ( 'NONE',  ( 27.85000000000000497, 4.850000000000004086, -13.00000000000000000 ) ) ;
#1335 = ORIENTED_EDGE ( 'NONE', *, *, #1400, .T. ) ;
#1336 = AXIS2_PLACEMENT_3D ( 'NONE', #1561, #115, #896 ) ;
#1337 = DIRECTION ( 'NONE',  ( -0.000000000000000000, -0.000000000000000000, 1.000000000000000000 ) ) ;
#1338 = DIRECTION ( 'NONE',  ( -0.000000000000000000, -0.000000000000000000, -1.000000000000000000 ) ) ;
#1339 = DIRECTION ( 'NONE',  ( 1.000000000000000000, -0.000000000000000000, -0.000000000000000000 ) ) ;
#1340 = ADVANCED_FACE ( 'NONE', ( #1204 ), #1707, .T. ) ;
#1341 = VERTEX_POINT ( 'NONE', #1872 ) ;
#1342 = VERTEX_POINT ( 'NONE', #103 ) ;
#1343 = CONICAL_SURFACE ( 'NONE', #1045, 2.200000000000000622, 0.7853981633974482790 ) ;
#1344 = EDGE_CURVE ( 'NONE', #35, #1617, #1528, .T. ) ;
#1345 = DIRECTION ( 'NONE',  ( 0.000000000000000000, 0.000000000000000000, -1.000000000000000000 ) ) ;
#1346 = CARTESIAN_POINT ( 'NONE',  ( 30.40000000000000568, 21.25000000000000711, -11.59999999999999964 ) ) ;
#1347 = DIRECTION ( 'NONE',  ( -1.000000000000000000, 3.070307037127094633E-16, 0.000000000000000000 ) ) ;
#1348 = VERTEX_POINT ( 'NONE', #1066 ) ;
#1349 = CARTESIAN_POINT ( 'NONE',  ( 26.50000000000000000, -28.29999999999999005, -11.00000000000000000 ) ) ;
#1350 = DIRECTION ( 'NONE',  ( -0.000000000000000000, -1.000000000000000000, -0.000000000000000000 ) ) ;
#1351 = CARTESIAN_POINT ( 'NONE',  ( 63.55000000000001137, -4.800000000000003375, -11.00000000000000000 ) ) ;
#1352 = CARTESIAN_POINT ( 'NONE',  ( 30.95000000000000284, 22.00000000000000711, -13.00000000000000000 ) ) ;
#1353 = EDGE_LOOP ( 'NONE', ( #737, #406, #1474, #262 ) ) ;
#1354 = EDGE_CURVE ( 'NONE', #703, #1042, #929, .T. ) ;
#1355 = LINE ( 'NONE', #240, #865 ) ;
#1356 = LINE ( 'NONE', #1512, #1218 ) ;
#1357 = ADVANCED_FACE ( 'NONE', ( #1053, #1683 ), #921, .T. ) ;
#1358 = ORIENTED_EDGE ( 'NONE', *, *, #1594, .F. ) ;
#1359 = CARTESIAN_POINT ( 'NONE',  ( 64.39999999999999147, 22.00000000000000355, -12.79999999999999361 ) ) ;
#1360 = CARTESIAN_POINT ( 'NONE',  ( 27.85000000000000142, -28.29999999999999005, -13.00000000000000000 ) ) ;
#1361 = CARTESIAN_POINT ( 'NONE',  ( 29.60000000000000142, 6.500000000000004441, -11.00000000000000000 ) ) ;
#1362 = VECTOR ( 'NONE', #791, 1000.000000000000000 ) ;
#1363 = CARTESIAN_POINT ( 'NONE',  ( 62.55000000000001137, 21.25000000000000355, -11.59999999999999964 ) ) ;
#1364 = ORIENTED_EDGE ( 'NONE', *, *, #1759, .F. ) ;
#1365 = VERTEX_POINT ( 'NONE', #1695 ) ;
#1366 = ADVANCED_FACE ( 'NONE', ( #762 ), #1377, .T. ) ;
#1367 = PLANE ( 'NONE',  #1758 ) ;
#1368 = CARTESIAN_POINT ( 'NONE',  ( 47.24999999999998579, 25.50000000000000711, -13.00000000000000000 ) ) ;
#1369 = ORIENTED_EDGE ( 'NONE', *, *, #1509, .F. ) ;
#1370 = ORIENTED_EDGE ( 'NONE', *, *, #365, .T. ) ;
#1371 = EDGE_CURVE ( 'NONE', #578, #291, #708, .T. ) ;
#1372 = VERTEX_POINT ( 'NONE', #772 ) ;
#1373 = DIRECTION ( 'NONE',  ( 0.000000000000000000, -1.000000000000000000, 0.000000000000000000 ) ) ;
#1374 = LINE ( 'NONE', #886, #1070 ) ;
#1375 = VECTOR ( 'NONE', #495, 1000.000000000000000 ) ;
#1376 = DIRECTION ( 'NONE',  ( -0.000000000000000000, -0.000000000000000000, -1.000000000000000000 ) ) ;
#1377 = CONICAL_SURFACE ( 'NONE', #613, 1.149999999999994804, 0.7853981633974482790 ) ;
#1378 = LINE ( 'NONE', #425, #1855 ) ;
#1379 = ORIENTED_EDGE ( 'NONE', *, *, #1812, .T. ) ;
#1380 = VERTEX_POINT ( 'NONE', #1406 ) ;
#1381 = VECTOR ( 'NONE', #329, 1000.000000000000000 ) ;
#1382 = CARTESIAN_POINT ( 'NONE',  ( 27.94999999999999929, 4.850000000000002309, -13.00000000000000000 ) ) ;
#1383 = DIRECTION ( 'NONE',  ( 1.000000000000000000, 0.000000000000000000, 0.000000000000000000 ) ) ;
#1384 = VERTEX_POINT ( 'NONE', #1882 ) ;
#1385 = ORIENTED_EDGE ( 'NONE', *, *, #671, .F. ) ;
#1386 = AXIS2_PLACEMENT_3D ( 'NONE', #1082, #290, #1394 ) ;
#1387 = DIRECTION ( 'NONE',  ( -0.000000000000000000, -0.000000000000000000, 1.000000000000000000 ) ) ;
#1388 = EDGE_CURVE ( 'NONE', #2013, #1858, #1274, .T. ) ;
#1389 = PLANE ( 'NONE',  #461 ) ;
#1390 = LINE ( 'NONE', #2016, #1573 ) ;
#1391 = EDGE_CURVE ( 'NONE', #1099, #833, #640, .T. ) ;
#1392 = ORIENTED_EDGE ( 'NONE', *, *, #820, .F. ) ;
#1393 = ORIENTED_EDGE ( 'NONE', *, *, #608, .T. ) ;
#1394 = DIRECTION ( 'NONE',  ( -1.000000000000000000, 0.000000000000000000, 0.000000000000000000 ) ) ;
#1395 = EDGE_LOOP ( 'NONE', ( #1116, #1611, #1192, #760 ) ) ;
#1396 = VECTOR ( 'NONE', #1917, 1000.000000000000000 ) ;
#1397 = ORIENTED_EDGE ( 'NONE', *, *, #466, .T. ) ;
#1398 = FACE_OUTER_BOUND ( 'NONE', #1142, .T. ) ;
#1399 = CYLINDRICAL_SURFACE ( 'NONE', #1840, 1.000000000000000888 ) ;
#1400 = EDGE_CURVE ( 'NONE', #1518, #1384, #974, .T. ) ;
#1401 = VERTEX_POINT ( 'NONE', #1441 ) ;
#1402 = VERTEX_POINT ( 'NONE', #1770 ) ;
#1403 = FACE_OUTER_BOUND ( 'NONE', #112, .T. ) ;
#1404 = ORIENTED_EDGE ( 'NONE', *, *, #1812, .F. ) ;
#1405 = ORIENTED_EDGE ( 'NONE', *, *, #1151, .T. ) ;
#1406 = CARTESIAN_POINT ( 'NONE',  ( 30.15000000000000568, 21.25000000000000711, -11.00000000000000000 ) ) ;
#1407 = LINE ( 'NONE', #1359, #1168 ) ;
#1408 = CARTESIAN_POINT ( 'NONE',  ( 44.39999999999998437, 25.00000000000000711, -12.79999999999999361 ) ) ;
#1409 = AXIS2_PLACEMENT_3D ( 'NONE', #17, #679, #1593 ) ;
#1410 = ORIENTED_EDGE ( 'NONE', *, *, #304, .F. ) ;
#1411 = EDGE_CURVE ( 'NONE', #1348, #1856, #1923, .T. ) ;
#1412 = ORIENTED_EDGE ( 'NONE', *, *, #1509, .T. ) ;
#1413 = AXIS2_PLACEMENT_3D ( 'NONE', #1731, #1419, #491 ) ;
#1414 = VECTOR ( 'NONE', #237, 1000.000000000000000 ) ;
#1415 = ADVANCED_FACE ( 'NONE', ( #1905 ), #632, .F. ) ;
#1416 = DIRECTION ( 'NONE',  ( -0.000000000000000000, -0.000000000000000000, 1.000000000000000000 ) ) ;
#1417 = AXIS2_PLACEMENT_3D ( 'NONE', #1360, #1990, #374 ) ;
#1418 = ORIENTED_EDGE ( 'NONE', *, *, #336, .F. ) ;
#1419 = DIRECTION ( 'NONE',  ( 0.000000000000000000, 0.000000000000000000, 1.000000000000000000 ) ) ;
#1420 = CARTESIAN_POINT ( 'NONE',  ( 49.89999999999998437, 25.00000000000000711, -13.00000000000000000 ) ) ;
#1421 = DIRECTION ( 'NONE',  ( 0.000000000000000000, 0.000000000000000000, -1.000000000000000000 ) ) ;
#1422 = ORIENTED_EDGE ( 'NONE', *, *, #522, .F. ) ;
#1423 = ORIENTED_EDGE ( 'NONE', *, *, #1451, .T. ) ;
#1424 = EDGE_CURVE ( 'NONE', #758, #789, #1136, .T. ) ;
#1425 = ADVANCED_FACE ( 'NONE', ( #481 ), #334, .T. ) ;
#1426 = CARTESIAN_POINT ( 'NONE',  ( 45.04999999999998295, 25.50000000000000711, -13.00000000000000000 ) ) ;
#1427 = CARTESIAN_POINT ( 'NONE',  ( 28.35000000000000853, -27.55000000000000426, -11.59999999999999964 ) ) ;
#1428 = LINE ( 'NONE', #472, #1444 ) ;
#1429 = ORIENTED_EDGE ( 'NONE', *, *, #1271, .F. ) ;
#1430 = CIRCLE ( 'NONE', #5, 1.149999999999994804 ) ;
#1431 = CIRCLE ( 'NONE', #1863, 0.2500000000000002220 ) ;
#1432 = DIRECTION ( 'NONE',  ( 0.000000000000000000, 1.000000000000000000, 0.000000000000000000 ) ) ;
#1433 = DIRECTION ( 'NONE',  ( -0.000000000000000000, 0.000000000000000000, 1.000000000000000000 ) ) ;
#1434 = CARTESIAN_POINT ( 'NONE',  ( 62.55000000000001137, -10.80000000000000426, -11.00000000000000000 ) ) ;
#1435 = DIRECTION ( 'NONE',  ( -1.000000000000000000, 0.000000000000000000, 0.000000000000000000 ) ) ;
#1436 = EDGE_CURVE ( 'NONE', #1880, #421, #1503, .T. ) ;
#1437 = LINE ( 'NONE', #1636, #1396 ) ;
#1438 = ORIENTED_EDGE ( 'NONE', *, *, #486, .F. ) ;
#1439 = VECTOR ( 'NONE', #1705, 1000.000000000000000 ) ;
#1440 = DIRECTION ( 'NONE',  ( -0.7071067811865475727, -0.000000000000000000, -0.7071067811865475727 ) ) ;
#1441 = CARTESIAN_POINT ( 'NONE',  ( 28.60000000000000853, -27.80000000000001137, -11.00000000000000000 ) ) ;
#1442 = DIRECTION ( 'NONE',  ( 1.000000000000000000, 0.000000000000000000, 0.000000000000000000 ) ) ;
#1443 = CARTESIAN_POINT ( 'NONE',  ( 47.24999999999998579, 25.50000000000000711, -13.00000000000000000 ) ) ;
#1444 = VECTOR ( 'NONE', #1727, 1000.000000000000000 ) ;
#1445 = CIRCLE ( 'NONE', #542, 0.2500000000000002220 ) ;
#1446 = EDGE_CURVE ( 'NONE', #537, #1544, #1737, .T. ) ;
#1447 = VECTOR ( 'NONE', #1062, 1000.000000000000000 ) ;
#1448 = CARTESIAN_POINT ( 'NONE',  ( 30.40000000000000568, 21.25000000000000711, -11.00000000000000000 ) ) ;
#1449 = DIRECTION ( 'NONE',  ( -0.000000000000000000, -1.000000000000000000, 0.000000000000000000 ) ) ;
#1450 = PRODUCT_DEFINITION_CONTEXT ( 'detailed design', #620, 'design' ) ;
#1451 = EDGE_CURVE ( 'NONE', #263, #2021, #238, .T. ) ;
#1452 = VERTEX_POINT ( 'NONE', #309 ) ;
#1453 = CARTESIAN_POINT ( 'NONE',  ( 44.39999999999998437, 25.00000000000000711, -12.79999999999999361 ) ) ;
#1454 = CARTESIAN_POINT ( 'NONE',  ( 51.74999999999999289, 25.00000000000000711, -12.79999999999999361 ) ) ;
#1455 = DIRECTION ( 'NONE',  ( -6.133173666733543884E-16, -0.7071067811865536790, -0.7071067811865414665 ) ) ;
#1456 = FACE_OUTER_BOUND ( 'NONE', #1545, .T. ) ;
#1457 = DIRECTION ( 'NONE',  ( -0.000000000000000000, -0.000000000000000000, 1.000000000000000000 ) ) ;
#1458 = CARTESIAN_POINT ( 'NONE',  ( 27.94999999999999929, 4.649999999999997691, -13.00000000000000000 ) ) ;
#1459 = ORIENTED_EDGE ( 'NONE', *, *, #1825, .T. ) ;
#1460 = VERTEX_POINT ( 'NONE', #952 ) ;
#1461 = FACE_OUTER_BOUND ( 'NONE', #439, .T. ) ;
#1462 = EDGE_CURVE ( 'NONE', #602, #714, #643, .T. ) ;
#1463 = CARTESIAN_POINT ( 'NONE',  ( 64.39999999999999147, 22.00000000000000355, -11.00000000000000000 ) ) ;
#1464 = DIRECTION ( 'NONE',  ( -0.000000000000000000, -0.000000000000000000, 1.000000000000000000 ) ) ;
#1465 = DIRECTION ( 'NONE',  ( 0.000000000000000000, 0.000000000000000000, 1.000000000000000000 ) ) ;
#1466 = VERTEX_POINT ( 'NONE', #1295 ) ;
#1467 = VECTOR ( 'NONE', #1309, 1000.000000000000000 ) ;
#1468 = PLANE ( 'NONE',  #1661 ) ;
#1469 = CARTESIAN_POINT ( 'NONE',  ( 44.59999999999998721, 25.00000000000000711, -13.00000000000000000 ) ) ;
#1470 = LINE ( 'NONE', #1285, #524 ) ;
#1471 = CARTESIAN_POINT ( 'NONE',  ( 64.39999999999999147, 22.00000000000000355, -12.79999999999999361 ) ) ;
#1472 = AXIS2_PLACEMENT_3D ( 'NONE', #1874, #1421, #1435 ) ;
#1473 = LINE ( 'NONE', #1458, #1818 ) ;
#1474 = ORIENTED_EDGE ( 'NONE', *, *, #1424, .T. ) ;
#1475 = VECTOR ( 'NONE', #1416, 1000.000000000000000 ) ;
#1476 = LINE ( 'NONE', #366, #1754 ) ;
#1477 = ADVANCED_FACE ( 'NONE', ( #1119 ), #1127, .F. ) ;
#1478 = CARTESIAN_POINT ( 'NONE',  ( 26.50000000000000000, -28.29999999999999005, -12.79999999999999361 ) ) ;
#1479 = DIRECTION ( 'NONE',  ( -1.000000000000000000, 0.000000000000000000, 0.000000000000000000 ) ) ;
#1480 = ORIENTED_EDGE ( 'NONE', *, *, #1115, .F. ) ;
#1481 = LINE ( 'NONE', #58, #1900 ) ;
#1482 = DIRECTION ( 'NONE',  ( -0.000000000000000000, -0.000000000000000000, -1.000000000000000000 ) ) ;
#1483 = ORIENTED_EDGE ( 'NONE', *, *, #477, .F. ) ;
#1484 = AXIS2_PLACEMENT_3D ( 'NONE', #1148, #172, #1916 ) ;
#1485 = LINE ( 'NONE', #1785, #239 ) ;
#1486 = DIRECTION ( 'NONE',  ( -0.000000000000000000, 1.000000000000000000, -0.000000000000000000 ) ) ;
#1487 = DIRECTION ( 'NONE',  ( 1.000000000000000000, -3.070307037127094633E-16, 0.000000000000000000 ) ) ;
#1488 =( GEOMETRIC_REPRESENTATION_CONTEXT ( 3 ) GLOBAL_UNCERTAINTY_ASSIGNED_CONTEXT ( ( #966 ) ) GLOBAL_UNIT_ASSIGNED_CONTEXT ( ( #1137, #682, #972 ) ) REPRESENTATION_CONTEXT ( 'NONE', 'WORKASPACE' ) );
#1489 = EDGE_CURVE ( 'NONE', #1260, #1034, #505, .T. ) ;
#1490 = ORIENTED_EDGE ( 'NONE', *, *, #12, .F. ) ;
#1491 = CIRCLE ( 'NONE', #6, 2.200000000000000622 ) ;
#1492 = CARTESIAN_POINT ( 'NONE',  ( 27.85000000000000142, -29.44999999999998863, -13.00000000000000000 ) ) ;
#1493 = DIRECTION ( 'NONE',  ( -3.070307037127094633E-16, -1.000000000000000000, 0.000000000000000000 ) ) ;
#1494 = DIRECTION ( 'NONE',  ( -1.000000000000000000, 0.000000000000000000, 0.000000000000000000 ) ) ;
#1495 = ORIENTED_EDGE ( 'NONE', *, *, #1677, .T. ) ;
#1496 = VERTEX_POINT ( 'NONE', #146 ) ;
#1497 = VECTOR ( 'NONE', #638, 1000.000000000000000 ) ;
#1498 = CARTESIAN_POINT ( 'NONE',  ( 30.40000000000000568, 21.50000000000000711, -11.59999999999999964 ) ) ;
#1499 = DIRECTION ( 'NONE',  ( -1.000000000000000000, 0.000000000000000000, 0.000000000000000000 ) ) ;
#1500 = CARTESIAN_POINT ( 'NONE',  ( 26.70000000000000639, -28.29999999999999005, -13.00000000000000000 ) ) ;
#1501 = ORIENTED_EDGE ( 'NONE', *, *, #2002, .F. ) ;
#1502 = ORIENTED_EDGE ( 'NONE', *, *, #160, .T. ) ;
#1503 = CIRCLE ( 'NONE', #1767, 0.2500000000000002220 ) ;
#1504 = LINE ( 'NONE', #1492, #1157 ) ;
#1505 = DIRECTION ( 'NONE',  ( 0.000000000000000000, 0.000000000000000000, 1.000000000000000000 ) ) ;
#1506 = CARTESIAN_POINT ( 'NONE',  ( 32.05000000000001137, -31.44999999999999929, -11.00000000000000000 ) ) ;
#1507 = DIRECTION ( 'NONE',  ( -0.000000000000000000, -0.000000000000000000, 1.000000000000000000 ) ) ;
#1508 = ORIENTED_EDGE ( 'NONE', *, *, #1942, .T. ) ;
#1509 = EDGE_CURVE ( 'NONE', #714, #618, #169, .T. ) ;
#1510 = DIRECTION ( 'NONE',  ( -0.000000000000000000, -0.000000000000000000, 1.000000000000000000 ) ) ;
#1511 = DIRECTION ( 'NONE',  ( 0.000000000000000000, -1.000000000000000000, -0.000000000000000000 ) ) ;
#1512 = CARTESIAN_POINT ( 'NONE',  ( 51.74999999999999289, 23.35000000000000497, -12.79999999999999361 ) ) ;
#1513 = ORIENTED_EDGE ( 'NONE', *, *, #720, .T. ) ;
#1514 = ORIENTED_EDGE ( 'NONE', *, *, #1344, .F. ) ;
#1515 = CARTESIAN_POINT ( 'NONE',  ( 64.39999999999999147, 22.00000000000000355, -13.00000000000000000 ) ) ;
#1516 = CARTESIAN_POINT ( 'NONE',  ( 63.04999999999998295, -28.29999999999999361, -12.79999999999999361 ) ) ;
#1517 = DIRECTION ( 'NONE',  ( 1.000000000000000000, 0.000000000000000000, 0.000000000000000000 ) ) ;
#1518 = VERTEX_POINT ( 'NONE', #9 ) ;
#1519 = EDGE_CURVE ( 'NONE', #2005, #629, #356, .T. ) ;
#1520 = EDGE_LOOP ( 'NONE', ( #100, #912, #145, #1692 ) ) ;
#1521 = EDGE_CURVE ( 'NONE', #2021, #924, #462, .T. ) ;
#1522 = DIRECTION ( 'NONE',  ( 1.000000000000000000, 0.000000000000000000, 0.000000000000000000 ) ) ;
#1523 = CARTESIAN_POINT ( 'NONE',  ( 30.15000000000000568, 5.000000000000009770, -11.59999999999999964 ) ) ;
#1524 = EDGE_CURVE ( 'NONE', #1544, #532, #1580, .T. ) ;
#1525 = ORIENTED_EDGE ( 'NONE', *, *, #1253, .F. ) ;
#1526 = ORIENTED_EDGE ( 'NONE', *, *, #1081, .F. ) ;
#1527 = VERTEX_POINT ( 'NONE', #1426 ) ;
#1528 = LINE ( 'NONE', #126, #1080 ) ;
#1529 = CARTESIAN_POINT ( 'NONE',  ( 26.50000000000000355, 3.500000000000003109, -12.79999999999999361 ) ) ;
#1530 = DIRECTION ( 'NONE',  ( -1.000000000000000000, 0.000000000000000000, 0.000000000000000000 ) ) ;
#1531 = ORIENTED_EDGE ( 'NONE', *, *, #54, .F. ) ;
#1532 = VERTEX_POINT ( 'NONE', #1268 ) ;
#1533 = ORIENTED_EDGE ( 'NONE', *, *, #1223, .T. ) ;
#1534 = ADVANCED_FACE ( 'NONE', ( #1896 ), #226, .F. ) ;
#1535 = DIRECTION ( 'NONE',  ( 0.000000000000000000, 0.000000000000000000, -1.000000000000000000 ) ) ;
#1536 = DIRECTION ( 'NONE',  ( -0.7071067811865474617, 0.000000000000000000, 0.7071067811865474617 ) ) ;
#1537 = ORIENTED_EDGE ( 'NONE', *, *, #83, .T. ) ;
#1538 = ORIENTED_EDGE ( 'NONE', *, *, #1956, .F. ) ;
#1539 = DIRECTION ( 'NONE',  ( 0.000000000000000000, 0.000000000000000000, 1.000000000000000000 ) ) ;
#1540 = DIRECTION ( 'NONE',  ( 0.000000000000000000, -0.7071067811865414665, 0.7071067811865536790 ) ) ;
#1541 = VECTOR ( 'NONE', #69, 1000.000000000000000 ) ;
#1542 = AXIS2_PLACEMENT_3D ( 'NONE', #1454, #500, #1605 ) ;
#1543 = DIRECTION ( 'NONE',  ( 0.000000000000000000, 0.000000000000000000, 1.000000000000000000 ) ) ;
#1544 = VERTEX_POINT ( 'NONE', #205 ) ;
#1545 = EDGE_LOOP ( 'NONE', ( #1686, #871, #314, #1851 ) ) ;
#1546 = AXIS2_PLACEMENT_3D ( 'NONE', #940, #1554, #155 ) ;
#1547 = VECTOR ( 'NONE', #1329, 1000.000000000000000 ) ;
#1548 = CARTESIAN_POINT ( 'NONE',  ( 62.55000000000001137, -10.80000000000000426, -11.59999999999999964 ) ) ;
#1549 = ORIENTED_EDGE ( 'NONE', *, *, #1239, .F. ) ;
#1550 = VECTOR ( 'NONE', #1487, 1000.000000000000000 ) ;
#1551 = ORIENTED_EDGE ( 'NONE', *, *, #1139, .T. ) ;
#1552 = ADVANCED_FACE ( 'NONE', ( #689 ), #1974, .F. ) ;
#1553 = DIRECTION ( 'NONE',  ( -1.000000000000000000, 0.000000000000000000, 0.000000000000000000 ) ) ;
#1554 = DIRECTION ( 'NONE',  ( -1.000000000000000000, 0.000000000000000000, 0.000000000000000000 ) ) ;
#1555 = EDGE_LOOP ( 'NONE', ( #1225, #695, #1069, #1625 ) ) ;
#1556 = VERTEX_POINT ( 'NONE', #539 ) ;
#1557 = LINE ( 'NONE', #1548, #1051 ) ;
#1558 = ORIENTED_EDGE ( 'NONE', *, *, #440, .F. ) ;
#1559 = VECTOR ( 'NONE', #1149, 1000.000000000000000 ) ;
#1560 = EDGE_LOOP ( 'NONE', ( #777, #1676, #1807, #298 ) ) ;
#1561 = CARTESIAN_POINT ( 'NONE',  ( 27.85000000000000497, 3.500000000000003553, -13.00000000000000000 ) ) ;
#1562 = CARTESIAN_POINT ( 'NONE',  ( 63.04999999999998295, -29.64999999999999503, -11.00000000000000000 ) ) ;
#1563 = PLANE ( 'NONE',  #1546 ) ;
#1564 = ADVANCED_FACE ( 'NONE', ( #1178 ), #215, .T. ) ;
#1565 = EDGE_CURVE ( 'NONE', #901, #1988, #712, .T. ) ;
#1566 = VERTEX_POINT ( 'NONE', #1463 ) ;
#1567 = ORIENTED_EDGE ( 'NONE', *, *, #1151, .F. ) ;
#1568 = CARTESIAN_POINT ( 'NONE',  ( 27.85000000000000142, -29.44999999999998863, -13.00000000000000000 ) ) ;
#1569 = ORIENTED_EDGE ( 'NONE', *, *, #42, .F. ) ;
#1570 = PLANE ( 'NONE',  #1603 ) ;
#1571 = FACE_OUTER_BOUND ( 'NONE', #1238, .T. ) ;
#1572 = DIRECTION ( 'NONE',  ( 1.000000000000000000, 0.000000000000000000, 0.000000000000000000 ) ) ;
#1573 = VECTOR ( 'NONE', #594, 1000.000000000000000 ) ;
#1574 = EDGE_LOOP ( 'NONE', ( #1202, #1224, #1526, #623 ) ) ;
#1575 = ADVANCED_FACE ( 'NONE', ( #1304 ), #367, .T. ) ;
#1576 = ORIENTED_EDGE ( 'NONE', *, *, #661, .T. ) ;
#1577 = AXIS2_PLACEMENT_3D ( 'NONE', #392, #51, #1662 ) ;
#1578 = ADVANCED_FACE ( 'NONE', ( #393 ), #960, .F. ) ;
#1579 = AXIS2_PLACEMENT_3D ( 'NONE', #337, #830, #665 ) ;
#1580 = LINE ( 'NONE', #153, #1362 ) ;
#1581 = CARTESIAN_POINT ( 'NONE',  ( 47.24999999999998579, 25.50000000000000711, -11.00000000000000000 ) ) ;
#1582 = LINE ( 'NONE', #2035, #313 ) ;
#1583 = VECTOR ( 'NONE', #2020, 1000.000000000000000 ) ;
#1584 = EDGE_CURVE ( 'NONE', #918, #1556, #518, .T. ) ;
#1585 = VERTEX_POINT ( 'NONE', #1469 ) ;
#1586 = ADVANCED_FACE ( 'NONE', ( #187 ), #1650, .T. ) ;
#1587 = CARTESIAN_POINT ( 'NONE',  ( 42.74999999999998579, 23.35000000000000853, -11.00000000000000000 ) ) ;
#1588 = EDGE_CURVE ( 'NONE', #1617, #1106, #1431, .T. ) ;
#1589 = DIRECTION ( 'NONE',  ( -1.000000000000000000, 0.000000000000000000, -0.000000000000000000 ) ) ;
#1590 = CARTESIAN_POINT ( 'NONE',  ( 27.85000000000000497, 4.850000000000004086, -11.00000000000000000 ) ) ;
#1591 = CARTESIAN_POINT ( 'NONE',  ( 32.05000000000001847, -29.64999999999999503, -11.00000000000000000 ) ) ;
#1592 = EDGE_LOOP ( 'NONE', ( #1180, #1729, #1501, #1028, #453, #986, #1005, #726, #761, #90, #1998, #1722, #1013, #2018, #648, #1721, #1902, #560, #414, #572, #1133, #743, #124, #550, #1798, #750 ) ) ;
#1593 = DIRECTION ( 'NONE',  ( 1.000000000000000000, 0.000000000000000000, 0.000000000000000000 ) ) ;
#1594 = EDGE_CURVE ( 'NONE', #1042, #79, #1930, .T. ) ;
#1595 = DIRECTION ( 'NONE',  ( -1.000000000000000000, 0.000000000000000000, 0.000000000000000000 ) ) ;
#1596 = CARTESIAN_POINT ( 'NONE',  ( 28.60000000000000853, -27.55000000000000426, -11.00000000000000000 ) ) ;
#1597 = CARTESIAN_POINT ( 'NONE',  ( 62.30000000000001137, -27.80000000000000071, -11.00000000000000000 ) ) ;
#1598 = EDGE_CURVE ( 'NONE', #1977, #1527, #62, .T. ) ;
#1599 = AXIS2_PLACEMENT_3D ( 'NONE', #827, #835, #1432 ) ;
#1600 = LINE ( 'NONE', #811, #1467 ) ;
#1601 = CARTESIAN_POINT ( 'NONE',  ( 44.39999999999998437, 25.00000000000000711, -11.00000000000000000 ) ) ;
#1602 = EDGE_LOOP ( 'NONE', ( #1265, #1845, #1648, #1060 ) ) ;
#1603 = AXIS2_PLACEMENT_3D ( 'NONE', #1725, #435, #591 ) ;
#1604 = CARTESIAN_POINT ( 'NONE',  ( 27.85000000000000853, 23.15000000000000568, -13.00000000000000000 ) ) ;
#1605 = DIRECTION ( 'NONE',  ( -1.000000000000000000, 0.000000000000000000, 0.000000000000000000 ) ) ;
#1606 = DIRECTION ( 'NONE',  ( 0.000000000000000000, 0.000000000000000000, -1.000000000000000000 ) ) ;
#1607 = CARTESIAN_POINT ( 'NONE',  ( 28.60000000000000853, 4.000000000000009770, -11.59999999999999964 ) ) ;
#1608 = CARTESIAN_POINT ( 'NONE',  ( 50.09999999999999432, 25.50000000000000711, -11.00000000000000000 ) ) ;
#1609 = DIRECTION ( 'NONE',  ( 1.000000000000000000, 1.029509481291873510E-16, -0.000000000000000000 ) ) ;
#1610 = EDGE_CURVE ( 'NONE', #1858, #1730, #1631, .T. ) ;
#1611 = ORIENTED_EDGE ( 'NONE', *, *, #1524, .F. ) ;
#1612 = LINE ( 'NONE', #186, #143 ) ;
#1613 = DIRECTION ( 'NONE',  ( -1.000000000000000000, -0.000000000000000000, -0.000000000000000000 ) ) ;
#1614 = CARTESIAN_POINT ( 'NONE',  ( 63.04999999999998295, 22.00000000000000355, -13.00000000000000000 ) ) ;
#1615 = DIRECTION ( 'NONE',  ( -0.000000000000000000, -0.000000000000000000, 1.000000000000000000 ) ) ;
#1616 = FACE_OUTER_BOUND ( 'NONE', #1782, .T. ) ;
#1617 = VERTEX_POINT ( 'NONE', #1145 ) ;
#1618 = EDGE_CURVE ( 'NONE', #1994, #1971, #139, .T. ) ;
#1619 = DIRECTION ( 'NONE',  ( 0.000000000000000000, 0.000000000000000000, 1.000000000000000000 ) ) ;
#1620 = AXIS2_PLACEMENT_3D ( 'NONE', #396, #1696, #1182 ) ;
#1621 = CARTESIAN_POINT ( 'NONE',  ( 31.85000000000000497, -29.64999999999999503, -11.00000000000000000 ) ) ;
#1622 = DIRECTION ( 'NONE',  ( -0.000000000000000000, -0.000000000000000000, 1.000000000000000000 ) ) ;
#1623 = CARTESIAN_POINT ( 'NONE',  ( 62.30000000000001137, -27.55000000000000071, -11.00000000000000000 ) ) ;
#1624 = CARTESIAN_POINT ( 'NONE',  ( 63.04999999999998295, -29.65000000000002345, -12.79999999999999361 ) ) ;
#1625 = ORIENTED_EDGE ( 'NONE', *, *, #836, .F. ) ;
#1626 = EDGE_CURVE ( 'NONE', #1460, #1185, #1029, .T. ) ;
#1627 = EDGE_CURVE ( 'NONE', #1150, #1856, #989, .T. ) ;
#1628 = AXIS2_PLACEMENT_3D ( 'NONE', #1623, #1158, #210 ) ;
#1629 = CARTESIAN_POINT ( 'NONE',  ( 36.64999999999999858, -29.64999999999999503, -12.00000000000000000 ) ) ;
#1630 = VECTOR ( 'NONE', #961, 1000.000000000000000 ) ;
#1631 = LINE ( 'NONE', #1478, #2025 ) ;
#1632 = DIRECTION ( 'NONE',  ( 0.000000000000000000, 0.000000000000000000, -1.000000000000000000 ) ) ;
#1633 = FACE_BOUND ( 'NONE', #1210, .T. ) ;
#1634 = VECTOR ( 'NONE', #311, 1000.000000000000114 ) ;
#1635 = VECTOR ( 'NONE', #1140, 1000.000000000000000 ) ;
#1636 = CARTESIAN_POINT ( 'NONE',  ( 32.05000000000001847, -29.64999999999999503, -11.00000000000000000 ) ) ;
#1637 = VERTEX_POINT ( 'NONE', #699 ) ;
#1638 = CIRCLE ( 'NONE', #949, 1.199999999999999734 ) ;
#1639 = PLANE ( 'NONE',  #1043 ) ;
#1640 = DIRECTION ( 'NONE',  ( -1.000000000000000000, 0.000000000000000000, 0.000000000000000000 ) ) ;
#1641 = LINE ( 'NONE', #829, #1757 ) ;
#1642 = ORIENTED_EDGE ( 'NONE', *, *, #1059, .F. ) ;
#1643 = CARTESIAN_POINT ( 'NONE',  ( 27.85000000000000142, -28.29999999999999005, -12.79999999999999361 ) ) ;
#1644 = LINE ( 'NONE', #1685, #1541 ) ;
#1645 = CARTESIAN_POINT ( 'NONE',  ( 62.30000000000001137, 21.50000000000000355, -11.59999999999999964 ) ) ;
#1646 = ORIENTED_EDGE ( 'NONE', *, *, #37, .F. ) ;
#1647 = AXIS2_PLACEMENT_3D ( 'NONE', #354, #1004, #40 ) ;
#1648 = ORIENTED_EDGE ( 'NONE', *, *, #970, .T. ) ;
#1649 = DIRECTION ( 'NONE',  ( 1.000000000000000000, 0.000000000000000000, 0.000000000000000000 ) ) ;
#1650 = CYLINDRICAL_SURFACE ( 'NONE', #631, 2.850000000000005418 ) ;
#1651 = CARTESIAN_POINT ( 'NONE',  ( 30.15000000000000568, 21.25000000000000711, -11.59999999999999964 ) ) ;
#1652 = VERTEX_POINT ( 'NONE', #1333 ) ;
#1653 = EDGE_LOOP ( 'NONE', ( #1050, #1567, #658, #250 ) ) ;
#1654 = VECTOR ( 'NONE', #755, 1000.000000000000000 ) ;
#1655 = DIRECTION ( 'NONE',  ( 0.000000000000000000, -0.7071067811865474617, -0.7071067811865474617 ) ) ;
#1656 = ADVANCED_FACE ( 'NONE', ( #1810 ), #1021, .F. ) ;
#1657 = CARTESIAN_POINT ( 'NONE',  ( 29.60000000000000142, 6.500000000000004441, -12.79999999999999361 ) ) ;
#1658 = DIRECTION ( 'NONE',  ( -1.000000000000000000, 1.087600925377308590E-16, -0.000000000000000000 ) ) ;
#1659 = EDGE_LOOP ( 'NONE', ( #725, #485, #1828, #408 ) ) ;
#1660 = ORIENTED_EDGE ( 'NONE', *, *, #751, .F. ) ;
#1661 = AXIS2_PLACEMENT_3D ( 'NONE', #159, #1929, #509 ) ;
#1662 = DIRECTION ( 'NONE',  ( -1.000000000000000000, 1.087600925377308590E-16, 0.000000000000000000 ) ) ;
#1663 = DIRECTION ( 'NONE',  ( -0.000000000000000000, -0.000000000000000000, 1.000000000000000000 ) ) ;
#1664 = CARTESIAN_POINT ( 'NONE',  ( 26.70000000000000995, 3.500000000000003553, -13.00000000000000000 ) ) ;
#1665 = ORIENTED_EDGE ( 'NONE', *, *, #644, .T. ) ;
#1666 = VERTEX_POINT ( 'NONE', #892 ) ;
#1667 = EDGE_CURVE ( 'NONE', #1099, #1150, #1032, .T. ) ;
#1668 = AXIS2_PLACEMENT_3D ( 'NONE', #1110, #1284, #625 ) ;
#1669 = VECTOR ( 'NONE', #529, 1000.000000000000000 ) ;
#1670 = LINE ( 'NONE', #1824, #1802 ) ;
#1671 = DIRECTION ( 'NONE',  ( 1.000000000000000000, -3.070307037127094633E-16, 0.000000000000000000 ) ) ;
#1672 = FACE_OUTER_BOUND ( 'NONE', #1693, .T. ) ;
#1673 = ADVANCED_FACE ( 'NONE', ( #1213 ), #1679, .F. ) ;
#1674 = ORIENTED_EDGE ( 'NONE', *, *, #802, .T. ) ;
#1675 = VECTOR ( 'NONE', #164, 1000.000000000000114 ) ;
#1676 = ORIENTED_EDGE ( 'NONE', *, *, #1521, .T. ) ;
#1677 = EDGE_CURVE ( 'NONE', #1527, #1977, #1491, .T. ) ;
#1678 = AXIS2_PLACEMENT_3D ( 'NONE', #1088, #1255, #2034 ) ;
#1679 = CYLINDRICAL_SURFACE ( 'NONE', #601, 1.650000000000002132 ) ;
#1680 = DIRECTION ( 'NONE',  ( -0.000000000000000000, -0.000000000000000000, -1.000000000000000000 ) ) ;
#1681 = VERTEX_POINT ( 'NONE', #404 ) ;
#1682 = ORIENTED_EDGE ( 'NONE', *, *, #1598, .F. ) ;
#1683 = FACE_BOUND ( 'NONE', #201, .T. ) ;
#1684 = CARTESIAN_POINT ( 'NONE',  ( 28.60000000000000853, 4.000000000000009770, -11.00000000000000000 ) ) ;
#1685 = CARTESIAN_POINT ( 'NONE',  ( 32.05000000000001847, -29.64999999999999503, -12.00000000000000000 ) ) ;
#1686 = ORIENTED_EDGE ( 'NONE', *, *, #1344, .T. ) ;
#1687 = EDGE_LOOP ( 'NONE', ( #1258, #996, #579, #401 ) ) ;
#1688 = ORIENTED_EDGE ( 'NONE', *, *, #113, .T. ) ;
#1689 = AXIS2_PLACEMENT_3D ( 'NONE', #1244, #2043, #1726 ) ;
#1690 = DIRECTION ( 'NONE',  ( 1.000000000000000000, 0.000000000000000000, 0.000000000000000000 ) ) ;
#1691 = DIRECTION ( 'NONE',  ( -1.091021054073463771E-16, -1.000000000000000000, 0.000000000000000000 ) ) ;
#1692 = ORIENTED_EDGE ( 'NONE', *, *, #129, .T. ) ;
#1693 = EDGE_LOOP ( 'NONE', ( #2045, #1708, #1646, #2001 ) ) ;
#1694 = ORIENTED_EDGE ( 'NONE', *, *, #1147, .T. ) ;
#1695 = CARTESIAN_POINT ( 'NONE',  ( 63.55000000000001137, -10.80000000000000426, -11.59999999999999964 ) ) ;
#1696 = DIRECTION ( 'NONE',  ( 0.000000000000000000, 0.000000000000000000, -1.000000000000000000 ) ) ;
#1697 = AXIS2_PLACEMENT_3D ( 'NONE', #381, #1796, #856 ) ;
#1698 = ORIENTED_EDGE ( 'NONE', *, *, #1011, .T. ) ;
#1699 = VERTEX_POINT ( 'NONE', #266 ) ;
#1700 = ORIENTED_EDGE ( 'NONE', *, *, #646, .F. ) ;
#1701 = EDGE_CURVE ( 'NONE', #833, #901, #734, .T. ) ;
#1702 = PLANE ( 'NONE',  #373 ) ;
#1703 = VERTEX_POINT ( 'NONE', #1046 ) ;
#1704 = EDGE_LOOP ( 'NONE', ( #1775, #429, #1385, #757 ) ) ;
#1705 = DIRECTION ( 'NONE',  ( 1.000000000000000000, 0.000000000000000000, 0.000000000000000000 ) ) ;
#1706 = CYLINDRICAL_SURFACE ( 'NONE', #1741, 1.649999999999998579 ) ;
#1707 = CONICAL_SURFACE ( 'NONE', #809, 1.149999999999998135, 0.7853981633974439491 ) ;
#1708 = ORIENTED_EDGE ( 'NONE', *, *, #379, .F. ) ;
#1709 = ORIENTED_EDGE ( 'NONE', *, *, #1987, .F. ) ;
#1710 = VECTOR ( 'NONE', #1914, 1000.000000000000000 ) ;
#1711 = VECTOR ( 'NONE', #48, 1000.000000000000000 ) ;
#1712 = ADVANCED_FACE ( 'NONE', ( #97 ), #1367, .F. ) ;
#1713 = LINE ( 'NONE', #1878, #1583 ) ;
#1714 = EDGE_LOOP ( 'NONE', ( #596, #1642, #668, #928 ) ) ;
#1715 = VECTOR ( 'NONE', #735, 1000.000000000000114 ) ;
#1716 = EDGE_LOOP ( 'NONE', ( #78, #2032, #606, #686 ) ) ;
#1717 = DIRECTION ( 'NONE',  ( -1.000000000000000000, 0.000000000000000000, 0.000000000000000000 ) ) ;
#1718 = DIRECTION ( 'NONE',  ( -0.000000000000000000, 0.000000000000000000, 1.000000000000000000 ) ) ;
#1719 = EDGE_CURVE ( 'NONE', #7, #458, #110, .T. ) ;
#1720 = CARTESIAN_POINT ( 'NONE',  ( 62.55000000000001137, -27.55000000000000071, -11.59999999999999964 ) ) ;
#1721 = ORIENTED_EDGE ( 'NONE', *, *, #1939, .F. ) ;
#1722 = ORIENTED_EDGE ( 'NONE', *, *, #233, .F. ) ;
#1723 = DIRECTION ( 'NONE',  ( -1.000000000000000000, 0.000000000000000000, 0.000000000000000000 ) ) ;
#1724 = ORIENTED_EDGE ( 'NONE', *, *, #1327, .T. ) ;
#1725 = CARTESIAN_POINT ( 'NONE',  ( 32.05000000000001847, -29.64999999999999503, -12.00000000000000000 ) ) ;
#1726 = DIRECTION ( 'NONE',  ( 1.000000000000000000, 0.000000000000000000, 0.000000000000000000 ) ) ;
#1727 = DIRECTION ( 'NONE',  ( 1.000000000000000000, -3.070307037127094633E-16, 0.000000000000000000 ) ) ;
#1728 = EDGE_CURVE ( 'NONE', #1566, #1460, #1355, .T. ) ;
#1729 = ORIENTED_EDGE ( 'NONE', *, *, #1147, .F. ) ;
#1730 = VERTEX_POINT ( 'NONE', #88 ) ;
#1731 = CARTESIAN_POINT ( 'NONE',  ( 63.04999999999998295, 22.00000000000000355, -12.79999999999999361 ) ) ;
#1732 = CYLINDRICAL_SURFACE ( 'NONE', #1, 0.2500000000000002220 ) ;
#1733 = DIRECTION ( 'NONE',  ( 0.000000000000000000, 0.000000000000000000, 1.000000000000000000 ) ) ;
#1734 = EDGE_CURVE ( 'NONE', #1365, #918, #722, .T. ) ;
#1735 = CIRCLE ( 'NONE', #1861, 0.2500000000000002220 ) ;
#1736 = ORIENTED_EDGE ( 'NONE', *, *, #1117, .F. ) ;
#1737 = CIRCLE ( 'NONE', #1138, 1.000000000000000888 ) ;
#1738 = EDGE_CURVE ( 'NONE', #1167, #578, #592, .T. ) ;
#1739 = ORIENTED_EDGE ( 'NONE', *, *, #54, .T. ) ;
#1740 = DIRECTION ( 'NONE',  ( -0.000000000000000000, -0.000000000000000000, 1.000000000000000000 ) ) ;
#1741 = AXIS2_PLACEMENT_3D ( 'NONE', #284, #923, #763 ) ;
#1742 = VECTOR ( 'NONE', #1464, 1000.000000000000000 ) ;
#1743 = DIRECTION ( 'NONE',  ( 1.000000000000000000, 0.000000000000000000, -0.000000000000000000 ) ) ;
#1744 = CARTESIAN_POINT ( 'NONE',  ( 27.85000000000000497, 3.500000000000003553, -13.00000000000000000 ) ) ;
#1745 = LINE ( 'NONE', #1077, #46 ) ;
#1746 = CIRCLE ( 'NONE', #1934, 1.199999999999999734 ) ;
#1747 = EDGE_LOOP ( 'NONE', ( #1766, #212, #1272, #274 ) ) ;
#1748 = EDGE_CURVE ( 'NONE', #1730, #497, #798, .T. ) ;
#1749 = LINE ( 'NONE', #332, #1868 ) ;
#1750 = EDGE_CURVE ( 'NONE', #934, #460, #740, .T. ) ;
#1751 = DIRECTION ( 'NONE',  ( -3.854941057726231589E-15, 1.000000000000000000, -0.000000000000000000 ) ) ;
#1752 = DIRECTION ( 'NONE',  ( 0.000000000000000000, 0.000000000000000000, 1.000000000000000000 ) ) ;
#1753 = CARTESIAN_POINT ( 'NONE',  ( 62.55000000000001137, 21.25000000000000355, -11.59999999999999964 ) ) ;
#1754 = VECTOR ( 'NONE', #1321, 1000.000000000000000 ) ;
#1755 = CARTESIAN_POINT ( 'NONE',  ( 62.30000000000001137, -27.55000000000000071, -11.59999999999999964 ) ) ;
#1756 = EDGE_LOOP ( 'NONE', ( #925, #909, #1871, #677 ) ) ;
#1757 = VECTOR ( 'NONE', #531, 1000.000000000000114 ) ;
#1758 = AXIS2_PLACEMENT_3D ( 'NONE', #1996, #1511, #1535 ) ;
#1759 = EDGE_CURVE ( 'NONE', #1556, #35, #1374, .T. ) ;
#1760 = DIRECTION ( 'NONE',  ( 0.7071067811865475727, 0.000000000000000000, -0.7071067811865475727 ) ) ;
#1761 = DIRECTION ( 'NONE',  ( -0.000000000000000000, -0.000000000000000000, -1.000000000000000000 ) ) ;
#1762 = DIRECTION ( 'NONE',  ( -1.000000000000000000, 0.000000000000000000, 0.000000000000000000 ) ) ;
#1763 = AXIS2_PLACEMENT_3D ( 'NONE', #342, #1440, #1109 ) ;
#1764 = CARTESIAN_POINT ( 'NONE',  ( 62.55000000000001137, -4.800000000000003375, -11.59999999999999964 ) ) ;
#1765 = CARTESIAN_POINT ( 'NONE',  ( 44.39999999999998437, 25.00000000000000711, -11.00000000000000000 ) ) ;
#1766 = ORIENTED_EDGE ( 'NONE', *, *, #430, .F. ) ;
#1767 = AXIS2_PLACEMENT_3D ( 'NONE', #971, #2, #19 ) ;
#1768 = PLANE ( 'NONE',  #1763 ) ;
#1769 = EDGE_CURVE ( 'NONE', #1105, #497, #1504, .T. ) ;
#1770 = CARTESIAN_POINT ( 'NONE',  ( 36.64999999999999858, -31.44999999999999929, -12.00000000000000000 ) ) ;
#1771 =( LENGTH_UNIT ( ) NAMED_UNIT ( * ) SI_UNIT ( .MILLI., .METRE. ) );
#1772 = EDGE_CURVE ( 'NONE', #1518, #1372, #1054, .T. ) ;
#1773 = PLANE ( 'NONE',  #200 ) ;
#1774 = FACE_OUTER_BOUND ( 'NONE', #185, .T. ) ;
#1775 = ORIENTED_EDGE ( 'NONE', *, *, #1081, .T. ) ;
#1776 = DIRECTION ( 'NONE',  ( -0.7071067811865474617, 0.000000000000000000, 0.7071067811865474617 ) ) ;
#1777 = CARTESIAN_POINT ( 'NONE',  ( 28.60000000000000853, 3.750000000000009326, -11.59999999999999964 ) ) ;
#1778 = SURFACE_STYLE_FILL_AREA ( #1128 ) ;
#1779 = ADVANCED_FACE ( 'NONE', ( #2015 ), #1389, .F. ) ;
#1780 = LINE ( 'NONE', #1298, #1742 ) ;
#1781 = CARTESIAN_POINT ( 'NONE',  ( 29.60000000000000142, 22.00000000000000711, -13.00000000000000000 ) ) ;
#1782 = EDGE_LOOP ( 'NONE', ( #420, #2038, #1508, #1694 ) ) ;
#1783 = EDGE_CURVE ( 'NONE', #842, #637, #1920, .T. ) ;
#1784 = PRESENTATION_LAYER_ASSIGNMENT (  '', '', ( #959 ) ) ;
#1785 = CARTESIAN_POINT ( 'NONE',  ( 30.15000000000000568, 5.000000000000009770, -11.59999999999999964 ) ) ;
#1786 = VECTOR ( 'NONE', #945, 1000.000000000000000 ) ;
#1787 = DIRECTION ( 'NONE',  ( 0.000000000000000000, 0.000000000000000000, 1.000000000000000000 ) ) ;
#1788 = DIRECTION ( 'NONE',  ( 0.000000000000000000, 0.000000000000000000, 1.000000000000000000 ) ) ;
#1789 = FACE_OUTER_BOUND ( 'NONE', #1592, .T. ) ;
#1790 = CARTESIAN_POINT ( 'NONE',  ( 32.05000000000001137, -31.44999999999999929, -12.00000000000000000 ) ) ;
#1791 = ORIENTED_EDGE ( 'NONE', *, *, #1098, .T. ) ;
#1792 = ADVANCED_FACE ( 'NONE', ( #859 ), #1836, .F. ) ;
#1793 = CIRCLE ( 'NONE', #914, 1.199999999999999734 ) ;
#1794 = FACE_OUTER_BOUND ( 'NONE', #1075, .T. ) ;
#1795 = AXIS2_PLACEMENT_3D ( 'NONE', #324, #1589, #1433 ) ;
#1796 = DIRECTION ( 'NONE',  ( -0.7071067811865475727, -0.000000000000000000, -0.7071067811865475727 ) ) ;
#1797 = CARTESIAN_POINT ( 'NONE',  ( 28.60000000000000853, 4.000000000000009770, -11.59999999999999964 ) ) ;
#1798 = ORIENTED_EDGE ( 'NONE', *, *, #2028, .F. ) ;
#1799 = EDGE_LOOP ( 'NONE', ( #385, #73, #573, #736 ) ) ;
#1800 = DIRECTION ( 'NONE',  ( -0.000000000000000000, -0.000000000000000000, 1.000000000000000000 ) ) ;
#1801 = CARTESIAN_POINT ( 'NONE',  ( 28.35000000000000853, -27.55000000000000426, -11.59999999999999964 ) ) ;
#1802 = VECTOR ( 'NONE', #1800, 1000.000000000000000 ) ;
#1803 = AXIS2_PLACEMENT_3D ( 'NONE', #694, #1482, #1517 ) ;
#1804 = LINE ( 'NONE', #376, #18 ) ;
#1805 = ORIENTED_EDGE ( 'NONE', *, *, #1939, .T. ) ;
#1806 = VECTOR ( 'NONE', #1857, 1000.000000000000000 ) ;
#1807 = ORIENTED_EDGE ( 'NONE', *, *, #630, .T. ) ;
#1808 = EDGE_CURVE ( 'NONE', #263, #721, #1205, .T. ) ;
#1809 = CYLINDRICAL_SURFACE ( 'NONE', #507, 0.2500000000000002220 ) ;
#1810 = FACE_OUTER_BOUND ( 'NONE', #1216, .T. ) ;
#1811 = CARTESIAN_POINT ( 'NONE',  ( 50.09999999999999432, 25.50000000000000711, -12.79999999999999361 ) ) ;
#1812 = EDGE_CURVE ( 'NONE', #1888, #1496, #245, .T. ) ;
#1813 = ORIENTED_EDGE ( 'NONE', *, *, #788, .F. ) ;
#1814 = DIRECTION ( 'NONE',  ( -0.000000000000000000, 1.000000000000000000, -0.000000000000000000 ) ) ;
#1815 = CARTESIAN_POINT ( 'NONE',  ( 63.04999999999998295, 23.35000000000000142, -12.79999999999999361 ) ) ;
#1816 = DIRECTION ( 'NONE',  ( -1.000000000000000000, 0.000000000000000000, 0.000000000000000000 ) ) ;
#1817 = ORIENTED_EDGE ( 'NONE', *, *, #1919, .F. ) ;
#1818 = VECTOR ( 'NONE', #685, 1000.000000000000114 ) ;
#1819 = ORIENTED_EDGE ( 'NONE', *, *, #1887, .T. ) ;
#1820 = DIRECTION ( 'NONE',  ( -3.854941057726231589E-15, 1.000000000000000000, -0.000000000000000000 ) ) ;
#1821 = DIRECTION ( 'NONE',  ( -0.000000000000000000, 1.000000000000000000, -0.000000000000000000 ) ) ;
#1822 = DIRECTION ( 'NONE',  ( -0.7071067811865475727, 7.714683857526412549E-17, -0.7071067811865475727 ) ) ;
#1823 = ORIENTED_EDGE ( 'NONE', *, *, #116, .F. ) ;
#1824 = CARTESIAN_POINT ( 'NONE',  ( 63.04999999999998295, -29.64999999999999503, -13.00000000000000000 ) ) ;
#1825 = EDGE_CURVE ( 'NONE', #913, #1730, #716, .T. ) ;
#1826 = DIRECTION ( 'NONE',  ( 0.000000000000000000, -0.7071067811865474617, 0.7071067811865474617 ) ) ;
#1827 = CARTESIAN_POINT ( 'NONE',  ( 27.85000000000000142, -29.64999999999999147, -12.79999999999999361 ) ) ;
#1828 = ORIENTED_EDGE ( 'NONE', *, *, #160, .F. ) ;
#1829 = ORIENTED_EDGE ( 'NONE', *, *, #1303, .F. ) ;
#1830 = CARTESIAN_POINT ( 'NONE',  ( 54.25000000000000711, -29.64999999999999503, -12.00000000000000000 ) ) ;
#1831 = LINE ( 'NONE', #1523, #1447 ) ;
#1832 = ORIENTED_EDGE ( 'NONE', *, *, #1327, .F. ) ;
#1833 = EDGE_LOOP ( 'NONE', ( #1024, #944, #701, #135 ) ) ;
#1834 = ORIENTED_EDGE ( 'NONE', *, *, #1371, .T. ) ;
#1835 = CARTESIAN_POINT ( 'NONE',  ( 54.25000000000000711, -31.44999999999999929, -11.00000000000000000 ) ) ;
#1836 = CYLINDRICAL_SURFACE ( 'NONE', #541, 1.649999999999998579 ) ;
#1837 = DIRECTION ( 'NONE',  ( -1.000000000000000000, 0.000000000000000000, 0.000000000000000000 ) ) ;
#1838 = CARTESIAN_POINT ( 'NONE',  ( 30.15000000000000568, 5.000000000000009770, -11.59999999999999964 ) ) ;
#1839 = EDGE_LOOP ( 'NONE', ( #1551, #1791 ) ) ;
#1840 = AXIS2_PLACEMENT_3D ( 'NONE', #1097, #1089, #1572 ) ;
#1841 = ORIENTED_EDGE ( 'NONE', *, *, #1618, .T. ) ;
#1842 = AXIS2_PLACEMENT_3D ( 'NONE', #1047, #1680, #227 ) ;
#1843 = DIRECTION ( 'NONE',  ( -0.000000000000000000, -0.000000000000000000, -1.000000000000000000 ) ) ;
#1844 = CARTESIAN_POINT ( 'NONE',  ( 44.39999999999998437, 25.00000000000000711, -13.00000000000000000 ) ) ;
#1845 = ORIENTED_EDGE ( 'NONE', *, *, #142, .T. ) ;
#1846 = VERTEX_POINT ( 'NONE', #1349 ) ;
#1847 = ORIENTED_EDGE ( 'NONE', *, *, #129, .F. ) ;
#1848 = EDGE_CURVE ( 'NONE', #1703, #1185, #1670, .T. ) ;
#1849 = FACE_OUTER_BOUND ( 'NONE', #1520, .T. ) ;
#1850 = CARTESIAN_POINT ( 'NONE',  ( 36.64999999999999858, -29.64999999999999858, -12.00000000000000000 ) ) ;
#1851 = ORIENTED_EDGE ( 'NONE', *, *, #1759, .T. ) ;
#1852 = ADVANCED_FACE ( 'NONE', ( #1967 ), #411, .F. ) ;
#1853 = ADVANCED_FACE ( 'NONE', ( #1220 ), #91, .T. ) ;
#1854 = ORIENTED_EDGE ( 'NONE', *, *, #474, .T. ) ;
#1855 = VECTOR ( 'NONE', #584, 1000.000000000000000 ) ;
#1856 = VERTEX_POINT ( 'NONE', #568 ) ;
#1857 = DIRECTION ( 'NONE',  ( -0.000000000000000000, -0.000000000000000000, 1.000000000000000000 ) ) ;
#1858 = VERTEX_POINT ( 'NONE', #1529 ) ;
#1859 = EDGE_LOOP ( 'NONE', ( #223, #228, #1660, #1558 ) ) ;
#1860 = CARTESIAN_POINT ( 'NONE',  ( 28.60000000000000853, 4.000000000000009770, -11.59999999999999964 ) ) ;
#1861 = AXIS2_PLACEMENT_3D ( 'NONE', #705, #180, #197 ) ;
#1862 = CARTESIAN_POINT ( 'NONE',  ( 36.64999999999999858, -29.64999999999999503, -12.00000000000000000 ) ) ;
#1863 = AXIS2_PLACEMENT_3D ( 'NONE', #1322, #1787, #358 ) ;
#1864 = VERTEX_POINT ( 'NONE', #1850 ) ;
#1865 = VERTEX_POINT ( 'NONE', #1684 ) ;
#1866 = ADVANCED_FACE ( 'NONE', ( #257 ), #104, .F. ) ;
#1867 = VERTEX_POINT ( 'NONE', #464 ) ;
#1868 = VECTOR ( 'NONE', #1118, 1000.000000000000000 ) ;
#1869 = CARTESIAN_POINT ( 'NONE',  ( 27.85000000000000497, 4.850000000000004086, -13.00000000000000000 ) ) ;
#1870 = ORIENTED_EDGE ( 'NONE', *, *, #582, .F. ) ;
#1871 = ORIENTED_EDGE ( 'NONE', *, *, #193, .T. ) ;
#1872 = CARTESIAN_POINT ( 'NONE',  ( 64.19999999999997442, -28.29999999999999361, -13.00000000000000000 ) ) ;
#1873 = DIRECTION ( 'NONE',  ( -1.000000000000000000, 1.577021341797101948E-15, -0.000000000000000000 ) ) ;
#1874 = CARTESIAN_POINT ( 'NONE',  ( 63.04999999999998295, 22.00000000000000355, -11.00000000000000000 ) ) ;
#1875 = AXIS2_PLACEMENT_3D ( 'NONE', #136, #1387, #2014 ) ;
#1876 = ORIENTED_EDGE ( 'NONE', *, *, #142, .F. ) ;
#1877 = ORIENTED_EDGE ( 'NONE', *, *, #1618, .F. ) ;
#1878 = CARTESIAN_POINT ( 'NONE',  ( 63.55000000000001137, -10.80000000000000426, -11.59999999999999964 ) ) ;
#1879 = VERTEX_POINT ( 'NONE', #1898 ) ;
#1880 = VERTEX_POINT ( 'NONE', #295 ) ;
#1881 = EDGE_CURVE ( 'NONE', #618, #1566, #119, .T. ) ;
#1882 = CARTESIAN_POINT ( 'NONE',  ( 29.60000000000000142, 22.00000000000000711, -12.79999999999999361 ) ) ;
#1883 = LINE ( 'NONE', #1420, #519 ) ;
#1884 = DIRECTION ( 'NONE',  ( 1.000000000000000000, 0.000000000000000000, 0.000000000000000000 ) ) ;
#1885 = ORIENTED_EDGE ( 'NONE', *, *, #1734, .T. ) ;
#1886 = ORIENTED_EDGE ( 'NONE', *, *, #970, .F. ) ;
#1887 = EDGE_CURVE ( 'NONE', #1585, #884, #947, .T. ) ;
#1888 = VERTEX_POINT ( 'NONE', #1720 ) ;
#1889 = DIRECTION ( 'NONE',  ( -1.000000000000000000, 0.000000000000000000, 0.000000000000000000 ) ) ;
#1890 = DIRECTION ( 'NONE',  ( 0.000000000000000000, 0.000000000000000000, -1.000000000000000000 ) ) ;
#1891 = FACE_OUTER_BOUND ( 'NONE', #1756, .T. ) ;
#1892 = ADVANCED_FACE ( 'NONE', ( #128 ), #1270, .T. ) ;
#1893 = ADVANCED_FACE ( 'NONE', ( #627 ), #786, .T. ) ;
#1894 = ORIENTED_EDGE ( 'NONE', *, *, #710, .T. ) ;
#1895 = ORIENTED_EDGE ( 'NONE', *, *, #1293, .T. ) ;
#1896 = FACE_OUTER_BOUND ( 'NONE', #1079, .T. ) ;
#1897 = CARTESIAN_POINT ( 'NONE',  ( 42.74999999999998579, 23.35000000000000853, -13.00000000000000000 ) ) ;
#1898 = CARTESIAN_POINT ( 'NONE',  ( 28.35000000000000853, -27.55000000000000426, -11.00000000000000000 ) ) ;
#1899 = ADVANCED_FACE ( 'NONE', ( #1891 ), #931, .T. ) ;
#1900 = VECTOR ( 'NONE', #887, 1000.000000000000114 ) ;
#1901 = CIRCLE ( 'NONE', #839, 1.149999999999994804 ) ;
#1902 = ORIENTED_EDGE ( 'NONE', *, *, #834, .F. ) ;
#1903 = FACE_OUTER_BOUND ( 'NONE', #707, .T. ) ;
#1904 = VECTOR ( 'NONE', #548, 1000.000000000000000 ) ;
#1905 = FACE_OUTER_BOUND ( 'NONE', #1217, .T. ) ;
#1906 = CARTESIAN_POINT ( 'NONE',  ( 30.95000000000000284, 23.35000000000000497, -13.00000000000000000 ) ) ;
#1907 = DIRECTION ( 'NONE',  ( 0.000000000000000000, 0.000000000000000000, -1.000000000000000000 ) ) ;
#1908 = CARTESIAN_POINT ( 'NONE',  ( 29.80000000000000782, 6.500000000000004441, -13.00000000000000000 ) ) ;
#1909 = ADVANCED_FACE ( 'NONE', ( #954 ), #1563, .T. ) ;
#1910 = ORIENTED_EDGE ( 'NONE', *, *, #1677, .F. ) ;
#1911 = DIRECTION ( 'NONE',  ( 2.171034926277343347E-16, 0.7071067811865467956, -0.7071067811865482389 ) ) ;
#1912 = CARTESIAN_POINT ( 'NONE',  ( 0.000000000000000000, 0.000000000000000000, -12.00000000000000000 ) ) ;
#1913 = SURFACE_SIDE_STYLE ('',( #1778 ) ) ;
#1914 = DIRECTION ( 'NONE',  ( 0.000000000000000000, 1.000000000000000000, 0.000000000000000000 ) ) ;
#1915 = AXIS2_PLACEMENT_3D ( 'NONE', #1755, #1465, #803 ) ;
#1916 = DIRECTION ( 'NONE',  ( -1.000000000000000000, 0.000000000000000000, -0.000000000000000000 ) ) ;
#1917 = DIRECTION ( 'NONE',  ( -3.854941057726231589E-15, -1.000000000000000000, 0.000000000000000000 ) ) ;
#1918 = VERTEX_POINT ( 'NONE', #1591 ) ;
#1919 = EDGE_CURVE ( 'NONE', #2005, #1585, #457, .T. ) ;
#1920 = CIRCLE ( 'NONE', #1620, 2.850000000000005418 ) ;
#1921 = LINE ( 'NONE', #795, #702 ) ;
#1922 = ADVANCED_FACE ( 'NONE', ( #617 ), #1399, .T. ) ;
#1923 = LINE ( 'NONE', #1276, #75 ) ;
#1924 = FACE_OUTER_BOUND ( 'NONE', #619, .T. ) ;
#1925 = AXIS2_PLACEMENT_3D ( 'NONE', #988, #1619, #213 ) ;
#1926 = CARTESIAN_POINT ( 'NONE',  ( 42.74999999999998579, 23.35000000000000853, -12.79999999999999361 ) ) ;
#1927 = DIRECTION ( 'NONE',  ( 1.091021054073463771E-16, 1.000000000000000000, 0.000000000000000000 ) ) ;
#1928 = ORIENTED_EDGE ( 'NONE', *, *, #379, .T. ) ;
#1929 = DIRECTION ( 'NONE',  ( 8.673617379884027583E-16, 1.000000000000000000, 0.000000000000000000 ) ) ;
#1930 = LINE ( 'NONE', #38, #225 ) ;
#1931 = CARTESIAN_POINT ( 'NONE',  ( 27.85000000000000142, -29.64999999999999147, -11.00000000000000000 ) ) ;
#1932 = EDGE_CURVE ( 'NONE', #1341, #95, #1582, .T. ) ;
#1933 = EDGE_CURVE ( 'NONE', #1865, #1699, #948, .T. ) ;
#1934 = AXIS2_PLACEMENT_3D ( 'NONE', #1581, #446, #1262 ) ;
#1935 = CARTESIAN_POINT ( 'NONE',  ( 30.95000000000000284, 23.35000000000000497, -11.00000000000000000 ) ) ;
#1936 = DIRECTION ( 'NONE',  ( 1.000000000000000000, -1.091021054073463771E-16, 0.000000000000000000 ) ) ;
#1937 = ORIENTED_EDGE ( 'NONE', *, *, #778, .F. ) ;
#1938 = CARTESIAN_POINT ( 'NONE',  ( 64.39999999999999147, -28.29999999999999361, -12.79999999999999361 ) ) ;
#1939 = EDGE_CURVE ( 'NONE', #721, #618, #1428, .T. ) ;
#1940 = DIRECTION ( 'NONE',  ( -1.000000000000000000, 8.673617379884388882E-15, 0.000000000000000000 ) ) ;
#1941 = FACE_OUTER_BOUND ( 'NONE', #287, .T. ) ;
#1942 = EDGE_CURVE ( 'NONE', #1730, #1846, #303, .T. ) ;
#1943 = SHAPE_DEFINITION_REPRESENTATION ( #490, #22 ) ;
#1944 = LINE ( 'NONE', #984, #1166 ) ;
#1945 = VECTOR ( 'NONE', #784, 1000.000000000000000 ) ;
#1946 = CARTESIAN_POINT ( 'NONE',  ( 47.24999999999998579, 25.50000000000000711, -12.79999999999999361 ) ) ;
#1947 = EDGE_CURVE ( 'NONE', #1282, #1858, #634, .T. ) ;
#1948 = ORIENTED_EDGE ( 'NONE', *, *, #522, .T. ) ;
#1949 = CIRCLE ( 'NONE', #431, 1.350000000000000533 ) ;
#1950 = DIRECTION ( 'NONE',  ( 0.000000000000000000, -1.000000000000000000, 0.000000000000000000 ) ) ;
#1951 = VECTOR ( 'NONE', #1814, 1000.000000000000000 ) ;
#1952 = DIRECTION ( 'NONE',  ( 0.000000000000000000, 0.000000000000000000, 1.000000000000000000 ) ) ;
#1953 = FACE_OUTER_BOUND ( 'NONE', #794, .T. ) ;
#1954 = ORIENTED_EDGE ( 'NONE', *, *, #260, .F. ) ;
#1955 = CARTESIAN_POINT ( 'NONE',  ( 62.30000000000001137, -27.80000000000000071, -11.59999999999999964 ) ) ;
#1956 = EDGE_CURVE ( 'NONE', #1380, #767, #1745, .T. ) ;
#1957 = DIRECTION ( 'NONE',  ( -0.000000000000000000, -0.000000000000000000, 1.000000000000000000 ) ) ;
#1958 = ORIENTED_EDGE ( 'NONE', *, *, #836, .T. ) ;
#1959 = ORIENTED_EDGE ( 'NONE', *, *, #834, .T. ) ;
#1960 = ADVANCED_FACE ( 'NONE', ( #320 ), #1706, .F. ) ;
#1961 = CARTESIAN_POINT ( 'NONE',  ( 64.39999999999999147, -28.29999999999999361, -13.00000000000000000 ) ) ;
#1962 = VECTOR ( 'NONE', #953, 1000.000000000000000 ) ;
#1963 = DIRECTION ( 'NONE',  ( 1.000000000000000000, 0.000000000000000000, 0.000000000000000000 ) ) ;
#1964 = DIRECTION ( 'NONE',  ( -0.000000000000000000, -0.000000000000000000, -1.000000000000000000 ) ) ;
#1965 = ORIENTED_EDGE ( 'NONE', *, *, #195, .T. ) ;
#1966 = VERTEX_POINT ( 'NONE', #2024 ) ;
#1967 = FACE_OUTER_BOUND ( 'NONE', #1230, .T. ) ;
#1968 = CARTESIAN_POINT ( 'NONE',  ( 51.74999999999999289, 23.35000000000000497, -13.00000000000000000 ) ) ;
#1969 = CIRCLE ( 'NONE', #752, 1.650000000000002132 ) ;
#1970 = CYLINDRICAL_SURFACE ( 'NONE', #754, 0.2500000000000002220 ) ;
#1971 = VERTEX_POINT ( 'NONE', #1245 ) ;
#1972 = ORIENTED_EDGE ( 'NONE', *, *, #214, .F. ) ;
#1973 = DIRECTION ( 'NONE',  ( -1.000000000000000000, 0.000000000000000000, 0.000000000000000000 ) ) ;
#1974 = CYLINDRICAL_SURFACE ( 'NONE', #101, 1.199999999999999734 ) ;
#1975 = LINE ( 'NONE', #553, #585 ) ;
#1976 = EDGE_CURVE ( 'NONE', #714, #1985, #326, .T. ) ;
#1977 = VERTEX_POINT ( 'NONE', #963 ) ;
#1978 = DIRECTION ( 'NONE',  ( -0.000000000000000000, -0.000000000000000000, 1.000000000000000000 ) ) ;
#1979 = LINE ( 'NONE', #375, #1273 ) ;
#1980 = DIRECTION ( 'NONE',  ( -1.000000000000000000, 0.000000000000000000, 0.000000000000000000 ) ) ;
#1981 = LINE ( 'NONE', #106, #688 ) ;
#1982 = ORIENTED_EDGE ( 'NONE', *, *, #1976, .F. ) ;
#1983 = DIRECTION ( 'NONE',  ( 0.000000000000000000, 0.000000000000000000, 1.000000000000000000 ) ) ;
#1984 = LINE ( 'NONE', #382, #47 ) ;
#1985 = VERTEX_POINT ( 'NONE', #654 ) ;
#1986 = VECTOR ( 'NONE', #1613, 1000.000000000000000 ) ;
#1987 = EDGE_CURVE ( 'NONE', #95, #602, #1286, .T. ) ;
#1988 = VERTEX_POINT ( 'NONE', #1129 ) ;
#1989 = CARTESIAN_POINT ( 'NONE',  ( 28.60000000000000853, -27.80000000000000426, -11.59999999999999964 ) ) ;
#1990 = DIRECTION ( 'NONE',  ( -0.000000000000000000, -0.000000000000000000, 1.000000000000000000 ) ) ;
#1991 = FACE_OUTER_BOUND ( 'NONE', #1330, .T. ) ;
#1992 = DIRECTION ( 'NONE',  ( -1.000000000000000000, 8.673617379884388882E-15, 0.000000000000000000 ) ) ;
#1993 = ORIENTED_EDGE ( 'NONE', *, *, #397, .T. ) ;
#1994 = VERTEX_POINT ( 'NONE', #1607 ) ;
#1995 = VECTOR ( 'NONE', #729, 1000.000000000000114 ) ;
#1996 = CARTESIAN_POINT ( 'NONE',  ( 63.55000000000001137, -10.80000000000000426, -11.59999999999999964 ) ) ;
#1997 = FACE_OUTER_BOUND ( 'NONE', #549, .T. ) ;
#1998 = ORIENTED_EDGE ( 'NONE', *, *, #1594, .T. ) ;
#1999 = EDGE_LOOP ( 'NONE', ( #1993, #628, #1074, #1928 ) ) ;
#2000 = CONICAL_SURFACE ( 'NONE', #878, 1.850000000000004530, 0.7853981633974439491 ) ;
#2001 = ORIENTED_EDGE ( 'NONE', *, *, #1191, .T. ) ;
#2002 = EDGE_CURVE ( 'NONE', #866, #1846, #920, .T. ) ;
#2003 = LINE ( 'NONE', #603, #280 ) ;
#2004 = DIRECTION ( 'NONE',  ( 0.000000000000000000, 0.000000000000000000, -1.000000000000000000 ) ) ;
#2005 = VERTEX_POINT ( 'NONE', #808 ) ;
#2006 = VECTOR ( 'NONE', #138, 1000.000000000000000 ) ;
#2007 = VECTOR ( 'NONE', #82, 1000.000000000000000 ) ;
#2008 = ORIENTED_EDGE ( 'NONE', *, *, #1748, .T. ) ;
#2009 = ORIENTED_EDGE ( 'NONE', *, *, #1057, .F. ) ;
#2010 = VECTOR ( 'NONE', #1259, 1000.000000000000000 ) ;
#2011 = FACE_OUTER_BOUND ( 'NONE', #433, .T. ) ;
#2012 = ORIENTED_EDGE ( 'NONE', *, *, #521, .T. ) ;
#2013 = VERTEX_POINT ( 'NONE', #483 ) ;
#2014 = DIRECTION ( 'NONE',  ( -1.000000000000000000, 0.000000000000000000, 0.000000000000000000 ) ) ;
#2015 = FACE_OUTER_BOUND ( 'NONE', #1353, .T. ) ;
#2016 = CARTESIAN_POINT ( 'NONE',  ( 32.05000000000001137, -31.44999999999999929, -11.00000000000000000 ) ) ;
#2017 = ORIENTED_EDGE ( 'NONE', *, *, #997, .F. ) ;
#2018 = ORIENTED_EDGE ( 'NONE', *, *, #1728, .F. ) ;
#2019 = VECTOR ( 'NONE', #832, 1000.000000000000000 ) ;
#2020 = DIRECTION ( 'NONE',  ( 1.000000000000000000, -0.000000000000000000, -0.000000000000000000 ) ) ;
#2021 = VERTEX_POINT ( 'NONE', #181 ) ;
#2022 = VERTEX_POINT ( 'NONE', #335 ) ;
#2023 = DIRECTION ( 'NONE',  ( 0.000000000000000000, -0.000000000000000000, -1.000000000000000000 ) ) ;
#2024 = CARTESIAN_POINT ( 'NONE',  ( 50.09999999999999432, 25.00000000000000711, -11.00000000000000000 ) ) ;
#2025 = VECTOR ( 'NONE', #511, 1000.000000000000000 ) ;
#2026 = ORIENTED_EDGE ( 'NONE', *, *, #646, .T. ) ;
#2027 = VERTEX_POINT ( 'NONE', #1597 ) ;
#2028 = EDGE_CURVE ( 'NONE', #458, #789, #1969, .T. ) ;
#2029 = VECTOR ( 'NONE', #1135, 1000.000000000000000 ) ;
#2030 = CARTESIAN_POINT ( 'NONE',  ( 51.74999999999999289, 23.35000000000000497, -12.79999999999999361 ) ) ;
#2031 = ORIENTED_EDGE ( 'NONE', *, *, #214, .T. ) ;
#2032 = ORIENTED_EDGE ( 'NONE', *, *, #993, .T. ) ;
#2033 = CARTESIAN_POINT ( 'NONE',  ( 27.85000000000000497, 3.500000000000003553, -12.79999999999999361 ) ) ;
#2034 = DIRECTION ( 'NONE',  ( -1.000000000000000000, 0.000000000000000000, 0.000000000000000000 ) ) ;
#2035 = CARTESIAN_POINT ( 'NONE',  ( 64.19999999999997442, -28.29999999999999361, -13.00000000000000000 ) ) ;
#2036 = ORIENTED_EDGE ( 'NONE', *, *, #1933, .T. ) ;
#2037 = ADVANCED_FACE ( 'NONE', ( #1456 ), #973, .F. ) ;
#2038 = ORIENTED_EDGE ( 'NONE', *, *, #1610, .T. ) ;
#2039 = LINE ( 'NONE', #621, #316 ) ;
#2040 = ORIENTED_EDGE ( 'NONE', *, *, #525, .F. ) ;
#2041 = ADVANCED_FACE ( 'NONE', ( #171 ), #1343, .F. ) ;
#2042 = CARTESIAN_POINT ( 'NONE',  ( 54.25000000000000711, -29.64999999999999503, -12.00000000000000000 ) ) ;
#2043 = DIRECTION ( 'NONE',  ( -0.000000000000000000, -0.000000000000000000, 1.000000000000000000 ) ) ;
#2044 = DIRECTION ( 'NONE',  ( 1.000000000000000000, 3.854941057726233167E-15, -0.000000000000000000 ) ) ;
#2045 = ORIENTED_EDGE ( 'NONE', *, *, #1203, .T. ) ;
#2046 = ORIENTED_EDGE ( 'NONE', *, *, #1701, .F. ) ;
ENDSEC;
END-ISO-10303-21;
